{"type": "FeatureCollection", "features": [{"type": "Feature", "geometry": {"type": "Polygon", "coordinates": [[[85.24185688012918, 28.09294297511368], [85.24185463107716, 28.09213741386265], [85.24277785057657, 28.092135447708387], [85.24278010821371, 28.092941008944987], [85.24185688012918, 28.09294297511368]]]}, "properties": {"depth_min_m": 0.05, "depth_max_m": 1.0}}, {"type": "Feature", "geometry": {"type": "Polygon", "coordinates": [[[85.24031593181861, 28.092140674139753], [85.24031369711672, 28.09133511129306], [85.24123690810077, 28.091333157638154], [85.24123915138765, 28.09213872047049], [85.24031593181861, 28.092140674139753]]]}, "properties": {"depth_min_m": 0.05, "depth_max_m": 1.0}}, {"type": "Feature", "geometry": {"type": "Polygon", "coordinates": [[[85.23723779758959, 28.09187861147889], [85.23723559151792, 28.091073048060817], [85.23815879977828, 28.09107111938046], [85.23816101443487, 28.091876682784363], [85.23723779758959, 28.09187861147889]]]}, "properties": {"depth_min_m": 0.05, "depth_max_m": 1.0}}, {"type": "Feature", "geometry": {"type": "Polygon", "coordinates": [[[85.23877649230883, 28.091875392826346], [85.23877427192897, 28.09106982943192], [85.23969748012058, 28.09106788826667], [85.23969970908536, 28.09187345164683], [85.23877649230883, 28.091875392826346]]]}, "properties": {"depth_min_m": 0.05, "depth_max_m": 1.0}}, {"type": "Feature", "geometry": {"type": "Polygon", "coordinates": [[[85.2353899045037, 28.091345404272165], [85.23538771562902, 28.09053983977802], [85.23631091824808, 28.090537926088885], [85.23631311570759, 28.091343490568967], [85.2353899045037, 28.091345404272165]]]}, "properties": {"depth_min_m": 0.05, "depth_max_m": 1.0}}, {"type": "Feature", "geometry": {"type": "Polygon", "coordinates": [[[85.23384976935795, 28.09081153429396], [85.23384759481824, 28.090005968728555], [85.23477079178194, 28.09000406753355], [85.23477297490635, 28.090809633084987], [85.23384976935795, 28.09081153429396]]]}, "properties": {"depth_min_m": 0.05, "depth_max_m": 1.0}}, {"type": "Feature", "geometry": {"type": "Polygon", "coordinates": [[[85.23200120076969, 28.090009748645997], [85.23199904343953, 28.08920418148078], [85.2329222318994, 28.089202295281336], [85.2329243978141, 28.090007862432707], [85.23200120076969, 28.090009748645997]]]}, "properties": {"depth_min_m": 0.05, "depth_max_m": 1.0}}, {"type": "Feature", "geometry": {"type": "Polygon", "coordinates": [[[85.23046039591733, 28.089207308500274], [85.23045825293462, 28.08840173973994], [85.23138143287687, 28.088399866038944], [85.23138358444399, 28.089205434785505], [85.23046039591733, 28.089207308500274]]]}, "properties": {"depth_min_m": 0.05, "depth_max_m": 1.0}}, {"type": "Feature", "geometry": {"type": "Polygon", "coordinates": [[[85.22891961960906, 28.088404845928842], [85.22891749097325, 28.087599275573403], [85.22984066239759, 28.08759741437065], [85.22984279961763, 28.08840298471243], [85.22891961960906, 28.088404845928842]]]}, "properties": {"depth_min_m": 0.05, "depth_max_m": 1.0}}, {"type": "Feature", "geometry": {"type": "Polygon", "coordinates": [[[85.22768588995793, 28.087333221717603], [85.22768377282026, 28.086527649247465], [85.22860693285196, 28.08652579805045], [85.22860905857364, 28.087331370506977], [85.22768588995793, 28.087333221717603]]]}, "properties": {"depth_min_m": 0.05, "depth_max_m": 1.0}}, {"type": "Feature", "geometry": {"type": "Polygon", "coordinates": [[[85.22829779762748, 28.08598936676739], [85.22829567483294, 28.085183791685303], [85.22921882053194, 28.085181935517255], [85.22922095191025, 28.08598751058571], [85.22829779762748, 28.08598936676739]]]}, "properties": {"depth_min_m": 0.05, "depth_max_m": 1.0}}, {"type": "Feature", "geometry": {"type": "Polygon", "coordinates": [[[85.22675709858028, 28.085186868653093], [85.22675499013121, 28.084381291975646], [85.22767812731232, 28.08437944830536], [85.227680244345, 28.085185024969267], [85.22675709858028, 28.085186868653093]]]}, "properties": {"depth_min_m": 0.05, "depth_max_m": 1.0}}, {"type": "Feature", "geometry": {"type": "Polygon", "coordinates": [[[85.22490941274116, 28.084653482587683], [85.22490732148522, 28.083847904834734], [85.22583045302227, 28.08384607615434], [85.2258325528617, 28.08465165389386], [85.22490941274116, 28.084653482587683]]]}, "properties": {"depth_min_m": 0.05, "depth_max_m": 1.0}}, {"type": "Feature", "geometry": {"type": "Polygon", "coordinates": [[[85.22367647937534, 28.083850331423456], [85.22367439960274, 28.08304475207969], [85.22459752260828, 28.083042933399906], [85.22459961096422, 28.08384851273031], [85.22367647937534, 28.083850331423456]]]}, "properties": {"depth_min_m": 0.05, "depth_max_m": 1.0}}, {"type": "Feature", "geometry": {"type": "Polygon", "coordinates": [[[85.2218281534758, 28.083048366968086], [85.22182609090824, 28.08224278602469], [85.2227492054078, 28.08224098233892], [85.22275127655854, 28.083046563269075], [85.2218281534758, 28.083048366968086]]]}, "properties": {"depth_min_m": 0.05, "depth_max_m": 1.0}}, {"type": "Feature", "geometry": {"type": "Polygon", "coordinates": [[[85.22059527151586, 28.08224517928743], [85.22059322043069, 28.081439596753217], [85.22151632639833, 28.08143780306773], [85.22151838606652, 28.082243385588754], [85.22059527151586, 28.08224517928743]]]}, "properties": {"depth_min_m": 0.05, "depth_max_m": 1.0}}, {"type": "Feature", "geometry": {"type": "Polygon", "coordinates": [[[85.21874700838117, 28.081443161653365], [85.21874497449984, 28.080637577519614], [85.21966807196074, 28.080635798827743], [85.21967011442491, 28.081441382948423], [85.21874700838117, 28.081443161653365]]]}, "properties": {"depth_min_m": 0.05, "depth_max_m": 1.0}}, {"type": "Feature", "geometry": {"type": "Polygon", "coordinates": [[[85.21751282955576, 28.08010288048248], [85.21751080718094, 28.079297293708894], [85.2184338903878, 28.079295525025643], [85.21843592134522, 28.08010111178623], [85.21751282955576, 28.08010288048248]]]}, "properties": {"depth_min_m": 0.05, "depth_max_m": 1.0}}, {"type": "Feature", "geometry": {"type": "Polygon", "coordinates": [[[85.21627935921119, 28.079031111021955], [85.2162773483297, 28.078225522132897], [85.21720042014346, 28.078223763453696], [85.21720243960732, 28.079029352329844], [85.21627935921119, 28.079031111021955]]]}, "properties": {"depth_min_m": 0.05, "depth_max_m": 1.0}}, {"type": "Feature", "geometry": {"type": "Polygon", "coordinates": [[[85.21504591938205, 28.07795932540215], [85.21504391999332, 28.077153734397477], [85.21596698041397, 28.077151985722136], [85.21596898838486, 28.077957576713974], [85.21504591938205, 28.07795932540215]]]}, "properties": {"depth_min_m": 0.05, "depth_max_m": 1.0}}, {"type": "Feature", "geometry": {"type": "Polygon", "coordinates": [[[85.21350548587641, 28.077156632211967], [85.21350350082822, 28.076351039611996], [85.21442655272871, 28.076349303432696], [85.2144285463589, 28.077154896019923], [85.21350548587641, 28.077156632211967]]]}, "properties": {"depth_min_m": 0.05, "depth_max_m": 1.0}}, {"type": "Feature", "geometry": {"type": "Polygon", "coordinates": [[[85.21196508091212, 28.076353916599835], [85.21196311020397, 28.07554832240462], [85.21288615358401, 28.075546598721218], [85.21288813287404, 28.076352192903776], [85.21196508091212, 28.076353916599835]]]}, "properties": {"depth_min_m": 0.05, "depth_max_m": 1.0}}, {"type": "Feature", "geometry": {"type": "Polygon", "coordinates": [[[85.21042405236226, 28.07528264681093], [85.21042209600569, 28.074477050495688], [85.21134512800448, 28.074475339312162], [85.2113470929427, 28.07528093561484], [85.21042405236226, 28.07528264681093]]]}, "properties": {"depth_min_m": 0.05, "depth_max_m": 1.0}}, {"type": "Feature", "geometry": {"type": "Polygon", "coordinates": [[[85.20888435660751, 28.074748418111213], [85.20888241457777, 28.073942820725563], [85.20980544091611, 28.073941122033347], [85.20980739152738, 28.074746719406512], [85.20888435660751, 28.074748418111213]]]}, "properties": {"depth_min_m": 0.05, "depth_max_m": 1.0}}, {"type": "Feature", "geometry": {"type": "Polygon", "coordinates": [[[85.2079574547911, 28.073138912955482], [85.2079555214148, 28.07233331240829], [85.20887853062663, 28.072331621230678], [85.20888047258414, 28.073137221765442], [85.2079574547911, 28.073138912955482]]]}, "properties": {"depth_min_m": 0.05, "depth_max_m": 1.0}}, {"type": "Feature", "geometry": {"type": "Polygon", "coordinates": [[[85.20764592118954, 28.07152827234378], [85.20764399074545, 28.070722668642862], [85.20856698280731, 28.070720979986596], [85.20856892183231, 28.071526583675105], [85.20764592118954, 28.07152827234378]]]}, "properties": {"depth_min_m": 0.05, "depth_max_m": 1.0}}, {"type": "Feature", "geometry": {"type": "Polygon", "coordinates": [[[85.20671971742544, 28.07018727979243], [85.20671779562181, 28.069381673454128], [85.20764077341839, 28.06937999230799], [85.20764270380266, 28.07018559863394], [85.20671971742544, 28.07018727979243]]]}, "properties": {"depth_min_m": 0.05, "depth_max_m": 1.0}}, {"type": "Feature", "geometry": {"type": "Polygon", "coordinates": [[[85.20517949921485, 28.069384458721146], [85.20517759174777, 28.068578850787205], [85.20610056102332, 28.06857718213574], [85.2061024770709, 28.069382790057425], [85.20517949921485, 28.069384458721146]]]}, "properties": {"depth_min_m": 0.05, "depth_max_m": 1.0}}, {"type": "Feature", "geometry": {"type": "Polygon", "coordinates": [[[85.20456037716627, 28.06777434954335], [85.20455847549024, 28.066968738450516], [85.20548142762895, 28.066967074816375], [85.20548333788518, 28.067772685897012], [85.20456037716627, 28.06777434954335]]]}, "properties": {"depth_min_m": 0.05, "depth_max_m": 1.0}}, {"type": "Feature", "geometry": {"type": "Polygon", "coordinates": [[[85.20517250534226, 28.066430555261444], [85.20517059800521, 28.06562494155073], [85.20609353582036, 28.06562327294416], [85.20609545173731, 28.066428886642637], [85.20517250534226, 28.066430555261444]]]}, "properties": {"depth_min_m": 0.05, "depth_max_m": 1.0}}, {"type": "Feature", "geometry": {"type": "Polygon", "coordinates": [[[85.20578397686451, 28.064818214700125], [85.20578206387866, 28.06401259784588], [85.20670498451075, 28.064010924271095], [85.20670690607618, 28.064816541113053], [85.20578397686451, 28.064818214700125]]]}, "properties": {"depth_min_m": 0.05, "depth_max_m": 1.0}}, {"type": "Feature", "geometry": {"type": "Polygon", "coordinates": [[[85.206703703487, 28.06347384550089], [85.2067017819811, 28.062668226032148], [85.20762468827851, 28.062666544988833], [85.20762661836373, 28.06347216444524], [85.206703703487, 28.06347384550089]]]}, "properties": {"depth_min_m": 0.05, "depth_max_m": 1.0}}, {"type": "Feature", "geometry": {"type": "Polygon", "coordinates": [[[85.2076227582292, 28.06186092395619], [85.20762082821577, 28.061055301347206], [85.20854371731917, 28.061053612839682], [85.20854565591159, 28.06185923543628], [85.2076227582292, 28.06186092395619]]]}, "properties": {"depth_min_m": 0.05, "depth_max_m": 1.0}}, {"type": "Feature", "geometry": {"type": "Polygon", "coordinates": [[[85.20761889823822, 28.06024967716175], [85.20761696829655, 28.059444051399677], [85.20853984024242, 28.059442362916936], [85.20854177876278, 28.06024798866662], [85.20761889823822, 28.06024967716175]]]}, "properties": {"depth_min_m": 0.05, "depth_max_m": 1.0}}, {"type": "Feature", "geometry": {"type": "Polygon", "coordinates": [[[85.20792330376831, 28.058906404689598], [85.20792137102697, 28.058100776303707], [85.20884422866342, 28.05809908534538], [85.20884616998316, 28.05890471371886], [85.20792330376831, 28.058906404689598]]]}, "properties": {"depth_min_m": 0.05, "depth_max_m": 1.0}}, {"type": "Feature", "geometry": {"type": "Polygon", "coordinates": [[[85.20791879409441, 28.057026602669463], [85.2079168614369, 28.056220970603874], [85.20883969905768, 28.0562192796745], [85.20884164029322, 28.057024911727694], [85.20791879409441, 28.057026602669463]]]}, "properties": {"depth_min_m": 0.05, "depth_max_m": 1.0}}, {"type": "Feature", "geometry": {"type": "Polygon", "coordinates": [[[85.20791557301852, 28.055683881683905], [85.20791364042088, 28.05487824698952], [85.2088364637453, 28.054876556080824], [85.2088384049207, 28.05568219076281], [85.20791557301852, 28.055683881683905]]]}, "properties": {"depth_min_m": 0.05, "depth_max_m": 1.0}}, {"type": "Feature", "geometry": {"type": "Polygon", "coordinates": [[[85.20698953440053, 28.054342839728942], [85.2069876104403, 28.053537202393077], [85.20791041950469, 28.05353551899344], [85.20791235204244, 28.054341156316937], [85.20698953440053, 28.054342839728942]]]}, "properties": {"depth_min_m": 0.05, "depth_max_m": 1.0}}, {"type": "Feature", "geometry": {"type": "Polygon", "coordinates": [[[85.20637112556935, 28.053001228060143], [85.20636920738689, 28.052195588086636], [85.20729200217966, 28.052193909699756], [85.20729392893936, 28.052999549660967], [85.20637112556935, 28.053001228060143]]]}, "properties": {"depth_min_m": 0.05, "depth_max_m": 1.0}}, {"type": "Feature", "geometry": {"type": "Polygon", "coordinates": [[[85.20483121598645, 28.05219836875747], [85.20482931213476, 28.0513927271857], [85.2057520984098, 28.051391061291504], [85.20575401083855, 28.05219670285106], [85.20483121598645, 28.05219836875747]]]}, "properties": {"depth_min_m": 0.05, "depth_max_m": 1.0}}, {"type": "Feature", "geometry": {"type": "Polygon", "coordinates": [[[85.20329007524631, 28.050858391764173], [85.20328818574832, 28.05005274754218], [85.20421095778745, 28.050051094148575], [85.20421285586227, 28.05085673835846], [85.20329007524631, 28.050858391764173]]]}, "properties": {"depth_min_m": 0.05, "depth_max_m": 1.0}}, {"type": "Feature", "geometry": {"type": "Polygon", "coordinates": [[[85.20205719696187, 28.049786391988683], [85.2020553189462, 28.048980745646304], [85.20297807959662, 28.048979102252982], [85.2029799661889, 28.049784748583292], [85.20205719696187, 28.049786391988683]]]}, "properties": {"depth_min_m": 0.05, "depth_max_m": 1.0}}, {"type": "Feature", "geometry": {"type": "Polygon", "coordinates": [[[85.201745856933, 28.04817564385537], [85.20174398184591, 28.04736999435219], [85.20266672535524, 28.04736835347896], [85.20266860901863, 28.048174002970093], [85.201745856933, 28.04817564385537]]]}, "properties": {"depth_min_m": 0.05, "depth_max_m": 1.0}}, {"type": "Feature", "geometry": {"type": "Polygon", "coordinates": [[[85.20081999398045, 28.046834527183726], [85.20081812752747, 28.046028875037543], [85.20174085677819, 28.046027241672217], [85.2017427318072, 28.04683289380643], [85.20081999398045, 28.046834527183726]]]}, "properties": {"depth_min_m": 0.05, "depth_max_m": 1.0}}, {"type": "Feature", "geometry": {"type": "Polygon", "coordinates": [[[85.19958658514619, 28.04549393889169], [85.19958473018538, 28.044688284098214], [85.20050744518932, 28.044686660736556], [85.20050930872588, 28.04549231551813], [85.19958658514619, 28.04549393889169]]]}, "properties": {"depth_min_m": 0.05, "depth_max_m": 1.0}}, {"type": "Feature", "geometry": {"type": "Polygon", "coordinates": [[[85.19835382895866, 28.044421884978817], [85.1983519854779, 28.043616228064185], [85.19927468909366, 28.043614614702005], [85.19927654114997, 28.0444202716048], [85.19835382895866, 28.044421884978817]]]}, "properties": {"depth_min_m": 0.05, "depth_max_m": 1.0}}, {"type": "Feature", "geometry": {"type": "Polygon", "coordinates": [[[85.19681414604221, 28.04361890036183], [85.19681231688803, 28.042813241848464], [85.19773501198542, 28.04281164097751], [85.197736849715, 28.04361729947915], [85.19681414604221, 28.04361890036183]]]}, "properties": {"depth_min_m": 0.05, "depth_max_m": 1.0}}, {"type": "Feature", "geometry": {"type": "Polygon", "coordinates": [[[85.19558145080605, 28.042546811501687], [85.19557963313076, 28.04174115086699], [85.19650231683984, 28.041739559995133], [85.19650414309031, 28.04254522061815], [85.19558145080605, 28.042546811501687]]]}, "properties": {"depth_min_m": 0.05, "depth_max_m": 1.0}}, {"type": "Feature", "geometry": {"type": "Polygon", "coordinates": [[[85.19434938813279, 28.04174326038213], [85.19434758192466, 28.040937598152535], [85.19527025710373, 28.040936017275694], [85.19527207188689, 28.04174167949371], [85.19434938813279, 28.04174326038213]]]}, "properties": {"depth_min_m": 0.05, "depth_max_m": 1.0}}, {"type": "Feature", "geometry": {"type": "Polygon", "coordinates": [[[85.19342310911232, 28.040133507721134], [85.19342131154603, 28.039327842320727], [85.19434396960911, 28.039326268954483], [85.1943457757501, 28.040131934343357], [85.19342310911232, 28.040133507721134]]]}, "properties": {"depth_min_m": 0.05, "depth_max_m": 1.0}}, {"type": "Feature", "geometry": {"type": "Polygon", "coordinates": [[[85.1931125623974, 28.038791253965112], [85.19311076774495, 28.03798558592776], [85.19403341152835, 28.03798401507652], [85.19403521475525, 28.038789683102337], [85.1931125623974, 28.038791253965112]]]}, "properties": {"depth_min_m": 0.05, "depth_max_m": 1.0}}, {"type": "Feature", "geometry": {"type": "Polygon", "coordinates": [[[85.19310897312585, 28.037179916310375], [85.19310717854009, 28.036374245112846], [85.1940298051751, 28.03637267428464], [85.19403160833497, 28.037178345470636], [85.19310897312585, 28.037179916310375]]]}, "properties": {"depth_min_m": 0.05, "depth_max_m": 1.0}}, {"type": "Feature", "geometry": {"type": "Polygon", "coordinates": [[[85.1934129233451, 28.035568049561363], [85.19341112596813, 28.03476237520699], [85.19433373544422, 28.034760801906113], [85.19433554139499, 28.03556647624895], [85.1934129233451, 28.035568049561363]]]}, "properties": {"depth_min_m": 0.05, "depth_max_m": 1.0}}, {"type": "Feature", "geometry": {"type": "Polygon", "coordinates": [[[85.19279545575253, 28.034494861442855], [85.19279246974318, 28.033152066448984], [85.19433012364337, 28.03314944847873], [85.19433313346809, 28.03449224344061], [85.19279545575253, 28.034494861442855]]]}, "properties": {"depth_min_m": 0.05, "depth_max_m": 1.0}}, {"type": "Feature", "geometry": {"type": "Polygon", "coordinates": [[[85.19309880424761, 28.032614425294245], [85.19309700985086, 28.031808745140182], [85.1940195879022, 28.03180717437722], [85.19402139087217, 28.03261285451978], [85.19309880424761, 28.032614425294245]]]}, "properties": {"depth_min_m": 0.05, "depth_max_m": 1.0}}, {"type": "Feature", "geometry": {"type": "Polygon", "coordinates": [[[85.19278769232062, 28.031003585325195], [85.1927859008482, 28.030197902005224], [85.19370846176471, 28.030196333760887], [85.19371026181004, 28.031002017069373], [85.19278769232062, 28.031003585325195]]]}, "properties": {"depth_min_m": 0.05, "depth_max_m": 1.0}}, {"type": "Feature", "geometry": {"type": "Polygon", "coordinates": [[[85.19186215131712, 28.029662339663382], [85.19186036847283, 28.028856653696515], [85.19278291513481, 28.02885509295803], [85.19278470655176, 28.029660778913453], [85.19186215131712, 28.029662339663382]]]}, "properties": {"depth_min_m": 0.05, "depth_max_m": 1.0}}, {"type": "Feature", "geometry": {"type": "Polygon", "coordinates": [[[85.19093663894824, 28.028321082084247], [85.19093486473155, 28.027515393470203], [85.19185739713929, 28.027513840237376], [85.19185917992837, 28.028319528840047], [85.19093663894824, 28.028321082084247]]]}, "properties": {"depth_min_m": 0.05, "depth_max_m": 1.0}}, {"type": "Feature", "geometry": {"type": "Polygon", "coordinates": [[[85.18939672400955, 28.027249402325577], [85.18939496412375, 28.02644371158379], [85.19031748515678, 28.0264421708437], [85.19031925361476, 28.027247861574182], [85.18939672400955, 28.027249402325577]]]}, "properties": {"depth_min_m": 0.05, "depth_max_m": 1.0}}, {"type": "Feature", "geometry": {"type": "Polygon", "coordinates": [[[85.18785684713698, 28.026177698908874], [85.18785510158136, 28.025372006039312], [85.18877761123953, 28.025370477791707], [85.1887793653671, 28.026176170650068], [85.18785684713698, 28.026177698908874]]]}, "properties": {"depth_min_m": 0.05, "depth_max_m": 1.0}}, {"type": "Feature", "geometry": {"type": "Polygon", "coordinates": [[[85.18662451061843, 28.02510546741083], [85.18662277653505, 28.024299772417084], [85.1875452748074, 28.02429825416627], [85.18754701746252, 28.025103949148885], [85.18662451061843, 28.02510546741083]]]}, "properties": {"depth_min_m": 0.05, "depth_max_m": 1.0}}, {"type": "Feature", "geometry": {"type": "Polygon", "coordinates": [[[85.18569912790716, 28.02376415229936], [85.18569740244895, 28.0229584546576], [85.18661988646767, 28.022956943911627], [85.18662162049735, 28.023762641542316], [85.18569912790716, 28.02376415229936]]]}, "properties": {"depth_min_m": 0.05, "depth_max_m": 1.0}}, {"type": "Feature", "geometry": {"type": "Polygon", "coordinates": [[[85.18538818519988, 28.022153257348204], [85.18538646266285, 28.02134755653797], [85.1863089295498, 28.021346048309514], [85.18631066065798, 28.022151749108723], [85.18538818519988, 28.022153257348204]]]}, "properties": {"depth_min_m": 0.05, "depth_max_m": 1.0}}, {"type": "Feature", "geometry": {"type": "Polygon", "coordinates": [[[85.18630777549555, 28.020808913564174], [85.18630604444098, 28.02000321012727], [85.18722849701085, 28.020001694431148], [85.18723023663631, 28.02080739785695], [85.18630777549555, 28.020808913564174]]]}, "properties": {"depth_min_m": 0.05, "depth_max_m": 1.0}}, {"type": "Feature", "geometry": {"type": "Polygon", "coordinates": [[[85.18691927608825, 28.019196495482678], [85.18691753938431, 28.01839078888746], [85.18783997479136, 28.01838926822289], [85.18784172006586, 28.019194974806968], [85.18691927608825, 28.019196495482678]]]}, "properties": {"depth_min_m": 0.05, "depth_max_m": 1.0}}, {"type": "Feature", "geometry": {"type": "Polygon", "coordinates": [[[85.18691580271263, 28.017585080709196], [85.18691406607323, 28.016779370947752], [85.18783648433961, 28.01677785030547], [85.18783822954926, 28.017583560055762], [85.18691580271263, 28.017585080709196]]]}, "properties": {"depth_min_m": 0.05, "depth_max_m": 1.0}}, {"type": "Feature", "geometry": {"type": "Polygon", "coordinates": [[[85.18599049574631, 28.016243743376233], [85.18598876773066, 28.015438030964837], [85.18691117174592, 28.015436517826906], [85.18691290833155, 28.016242230227206], [85.18599049574631, 28.016243743376233]]]}, "properties": {"depth_min_m": 0.05, "depth_max_m": 1.0}}, {"type": "Feature", "geometry": {"type": "Polygon", "coordinates": [[[85.18475832347116, 28.01517146567696], [85.1847566069247, 28.014365751139504], [85.18567899955633, 28.014364247997296], [85.18568072467257, 28.015169962523732], [85.18475832347116, 28.01517146567696]]]}, "properties": {"depth_min_m": 0.05, "depth_max_m": 1.0}}, {"type": "Feature", "geometry": {"type": "Polygon", "coordinates": [[[85.18413996768439, 28.013561032947155], [85.1841382569147, 28.01275531523496], [85.18506063242853, 28.01275381710517], [85.1850623517677, 28.013559534806397], [85.18413996768439, 28.013561032947155]]]}, "properties": {"depth_min_m": 0.05, "depth_max_m": 1.0}}, {"type": "Feature", "geometry": {"type": "Polygon", "coordinates": [[[85.18321417920045, 28.011951086572115], [85.18321247706345, 28.011145365681045], [85.18413483547066, 28.011143875058675], [85.18413654617679, 28.011949595938827], [85.18321417920045, 28.011951086572115]]]}, "properties": {"depth_min_m": 0.05, "depth_max_m": 1.0}}, {"type": "Feature", "geometry": {"type": "Polygon", "coordinates": [[[85.1832107749581, 28.010339643205832], [85.18320907288437, 28.009533919146296], [85.18413141415377, 28.009532428545782], [85.18413312479632, 28.010338152594386], [85.1832107749581, 28.010339643205832]]]}, "properties": {"depth_min_m": 0.05, "depth_max_m": 1.0}}, {"type": "Feature", "geometry": {"type": "Polygon", "coordinates": [[[85.18289992660165, 28.0087286887022], [85.18289822744734, 28.007922961470122], [85.18382055159012, 28.00792147338652], [85.18382225931295, 28.008727200607694], [85.18289992660165, 28.0087286887022]]]}, "properties": {"depth_min_m": 0.05, "depth_max_m": 1.0}}, {"type": "Feature", "geometry": {"type": "Polygon", "coordinates": [[[85.18320396685293, 28.007116737460855], [85.18320226490569, 28.006311007062983], [85.18412457190139, 28.00630951650612], [85.18412628241681, 28.007115246893083], [85.18320396685293, 28.007116737460855]]]}, "properties": {"depth_min_m": 0.05, "depth_max_m": 1.0}}, {"type": "Feature", "geometry": {"type": "Polygon", "coordinates": [[[85.18381542861205, 28.005504282214588], [85.18381372101615, 28.004698548654073], [85.18473601085479, 28.004697053129014], [85.18473772701857, 28.005502786678584], [85.18381542861205, 28.005504282214588]]]}, "properties": {"depth_min_m": 0.05, "depth_max_m": 1.0}}, {"type": "Feature", "geometry": {"type": "Polygon", "coordinates": [[[85.18350458635459, 28.003893310349753], [85.18350288167798, 28.003087573615186], [85.18442515439197, 28.00308608060699], [85.18442686763612, 28.00389181733065], [85.18350458635459, 28.003893310349753]]]}, "properties": {"depth_min_m": 0.05, "depth_max_m": 1.0}}, {"type": "Feature", "geometry": {"type": "Polygon", "coordinates": [[[85.1831937556438, 28.002282331297632], [85.18319205388629, 28.001476591388496], [85.18411430947623, 28.00147510089712], [85.18411601980098, 28.00228084079534], [85.1831937556438, 28.002282331297632]]]}, "properties": {"depth_min_m": 0.05, "depth_max_m": 1.0}}, {"type": "Feature", "geometry": {"type": "Polygon", "coordinates": [[[85.18411316927738, 28.00093794008406], [85.18411145900559, 28.00013219754303], [85.1850337002854, 28.0001306995851], [85.18503541912416, 28.00093644211516], [85.18411316927738, 28.00093794008406]]]}, "properties": {"depth_min_m": 0.05, "depth_max_m": 1.0}}, {"type": "Feature", "geometry": {"type": "Polygon", "coordinates": [[[85.18472399860114, 27.999056873890826], [85.18472228269242, 27.998251127656587], [85.185644503962, 27.998249624734502], [85.1856462284373, 27.999055370957752], [85.18472399860114, 27.999056873890826]]]}, "properties": {"depth_min_m": 0.05, "depth_max_m": 1.0}}, {"type": "Feature", "geometry": {"type": "Polygon", "coordinates": [[[85.18533652300954, 27.99798154411205], [85.1853348014324, 27.997175795770247], [85.18625701125879, 27.997174287873143], [85.18625874140228, 27.99798003620391], [85.18533652300954, 27.99798154411205]]]}, "properties": {"depth_min_m": 0.05, "depth_max_m": 1.0}}, {"type": "Feature", "geometry": {"type": "Polygon", "coordinates": [[[85.18502625235313, 27.996639130294486], [85.18502453368468, 27.9958333793051], [85.18594672924479, 27.995831873921198], [85.18594845647935, 27.996637624899563], [85.18502625235313, 27.996639130294486]]]}, "properties": {"depth_min_m": 0.05, "depth_max_m": 1.0}}, {"type": "Feature", "geometry": {"type": "Polygon", "coordinates": [[[85.18410176806559, 27.995566293185217], [85.18410005800561, 27.99476054006948], [85.1850222421764, 27.994759042184647], [85.18502396080228, 27.995564795289418], [85.18410176806559, 27.995566293185217]]]}, "properties": {"depth_min_m": 0.05, "depth_max_m": 1.0}}, {"type": "Feature", "geometry": {"type": "Polygon", "coordinates": [[[85.18256195381228, 27.99422585027485], [85.18256025808131, 27.993420094496443], [85.18348242802881, 27.993418609103703], [85.18348413232543, 27.99422436487124], [85.18256195381228, 27.99422585027485]]]}, "properties": {"depth_min_m": 0.05, "depth_max_m": 1.0}}, {"type": "Feature", "geometry": {"type": "Polygon", "coordinates": [[[85.18163696334283, 27.992884400997166], [85.18163527622973, 27.99207864256305], [85.18255743193303, 27.992077164672633], [85.1825591276115, 27.99288292309591], [85.18163696334283, 27.992884400997166]]]}, "properties": {"depth_min_m": 0.05, "depth_max_m": 1.0}}, {"type": "Feature", "geometry": {"type": "Polygon", "coordinates": [[[85.18224891817066, 27.991540484968038], [85.18224722539972, 27.990734723895933], [85.18316936680677, 27.990733241034114], [85.18317106814281, 27.991539002095386], [85.18224891817066, 27.991540484968038]]]}, "properties": {"depth_min_m": 0.05, "depth_max_m": 1.0}}, {"type": "Feature", "geometry": {"type": "Polygon", "coordinates": [[[85.18224609690324, 27.990197548966023], [85.18224440418471, 27.989391785248355], [85.18316653131691, 27.989390302404644], [85.1831682326003, 27.990196066111448], [85.18224609690324, 27.990197548966023]]]}, "properties": {"depth_min_m": 0.05, "depth_max_m": 1.0}}, {"type": "Feature", "geometry": {"type": "Polygon", "coordinates": [[[85.18070752556122, 27.98939424002343], [85.18070584714862, 27.988588474700276], [85.18162796576846, 27.988587004340655], [85.18162965274574, 27.989392769653055], [85.18070752556122, 27.98939424002343]]]}, "properties": {"depth_min_m": 0.05, "depth_max_m": 1.0}}, {"type": "Feature", "geometry": {"type": "Polygon", "coordinates": [[[85.17978261528286, 27.988052759804678], [85.17978094548664, 27.987246991824723], [85.18070304986354, 27.987245528966916], [85.18070472822419, 27.988051296936177], [85.17978261528286, 27.988052759804678]]]}, "properties": {"depth_min_m": 0.05, "depth_max_m": 1.0}}, {"type": "Feature", "geometry": {"type": "Polygon", "coordinates": [[[85.17977927572143, 27.98644122225692], [85.17977760598723, 27.985635451101178], [85.18069969323577, 27.985633988264762], [85.18070137153407, 27.986439759409812], [85.17977927572143, 27.98644122225692]]]}, "properties": {"depth_min_m": 0.05, "depth_max_m": 1.0}}, {"type": "Feature", "geometry": {"type": "Polygon", "coordinates": [[[85.18008329584904, 27.98482919158027], [85.1800816233223, 27.984023417251795], [85.18100369343273, 27.98402195194225], [85.18100537452327, 27.984827726259994], [85.18008329584904, 27.98482919158027]]]}, "properties": {"depth_min_m": 0.05, "depth_max_m": 1.0}}, {"type": "Feature", "geometry": {"type": "Polygon", "coordinates": [[[85.17977315351435, 27.983486720254845], [85.17977148389389, 27.982680943275525], [85.18069353974208, 27.982679480478367], [85.18069521792607, 27.983485257446993], [85.17977315351435, 27.983486720254845]]]}, "properties": {"depth_min_m": 0.05, "depth_max_m": 1.0}}, {"type": "Feature", "geometry": {"type": "Polygon", "coordinates": [[[85.17976981430442, 27.981875164707667], [85.17976814474596, 27.981069384551137], [85.1806901834676, 27.98106792177539], [85.18069186158925, 27.981873701921206], [85.17976981430442, 27.981875164707667]]]}, "properties": {"depth_min_m": 0.05, "depth_max_m": 1.0}}, {"type": "Feature", "geometry": {"type": "Polygon", "coordinates": [[[85.18068850537713, 27.98026214004077], [85.18068682731781, 27.97945635671726], [85.18160884888235, 27.979454886479576], [85.18161053550455, 27.980260669792326], [85.18068850537713, 27.98026214004077]]]}, "properties": {"depth_min_m": 0.05, "depth_max_m": 1.0}}, {"type": "Feature", "geometry": {"type": "Polygon", "coordinates": [[[85.18099304725108, 27.978918677706762], [85.1809913663895, 27.978112891738387], [85.1819133736725, 27.9781114190242], [85.1819150630967, 27.978917204981805], [85.18099304725108, 27.978918677706762]]]}, "properties": {"depth_min_m": 0.05, "depth_max_m": 1.0}}, {"type": "Feature", "geometry": {"type": "Polygon", "coordinates": [[[85.18160435137632, 27.97730612320993], [85.18160266486899, 27.97650033407011], [85.18252465500633, 27.97649885638872], [85.18252635007596, 27.977304645517712], [85.18160435137632, 27.97730612320993]]]}, "properties": {"depth_min_m": 0.05, "depth_max_m": 1.0}}, {"type": "Feature", "geometry": {"type": "Polygon", "coordinates": [[[85.18190830558821, 27.975694051615395], [85.18190661628952, 27.974888259300087], [85.18282858929227, 27.97488677914595], [85.18283028715294, 27.975692571450438], [85.18190830558821, 27.975694051615395]]]}, "properties": {"depth_min_m": 0.05, "depth_max_m": 1.0}}, {"type": "Feature", "geometry": {"type": "Polygon", "coordinates": [[[85.1828274574027, 27.974349583393103], [85.18282575959459, 27.973543788439], [85.18374771829619, 27.973542300819968], [85.18374942466602, 27.974348095763197], [85.1828274574027, 27.974349583393103]]]}, "properties": {"depth_min_m": 0.05, "depth_max_m": 1.0}}, {"type": "Feature", "geometry": {"type": "Polygon", "coordinates": [[[85.18374658073392, 27.97300510330785], [85.18374487441693, 27.972199305714614], [85.18466681881766, 27.972197810630895], [85.18466853369611, 27.973003608213173], [85.18374658073392, 27.97300510330785]]]}, "properties": {"depth_min_m": 0.05, "depth_max_m": 1.0}}, {"type": "Feature", "geometry": {"type": "Polygon", "coordinates": [[[85.18374373688988, 27.971662106435726], [85.1837420306257, 27.9708563061922], [85.1846639607577, 27.970854811126692], [85.18466567558308, 27.97166061135929], [85.18374373688988, 27.971662106435726]]]}, "properties": {"depth_min_m": 0.05, "depth_max_m": 1.0}}, {"type": "Feature", "geometry": {"type": "Polygon", "coordinates": [[[85.18220491634379, 27.970590180899094], [85.18220322439016, 27.969784378516973], [85.18312514316024, 27.969782895937165], [85.18312684367484, 27.970588698308458], [85.18220491634379, 27.970590180899094]]]}, "properties": {"depth_min_m": 0.05, "depth_max_m": 1.0}}, {"type": "Feature", "geometry": {"type": "Polygon", "coordinates": [[[85.1803605033069, 27.970324523007683], [85.18035882848558, 27.96951872007387], [85.18128074446471, 27.969517252463], [85.18128242784695, 27.970323055386082], [85.1803605033069, 27.970324523007683]]]}, "properties": {"depth_min_m": 0.05, "depth_max_m": 1.0}}, {"type": "Feature", "geometry": {"type": "Polygon", "coordinates": [[[85.17851554899721, 27.969790234009366], [85.17851389131826, 27.968984429993895], [85.17943580165226, 27.96898297735543], [85.17943746789201, 27.969788781360297], [85.17851554899721, 27.969790234009366]]]}, "properties": {"depth_min_m": 0.05, "depth_max_m": 1.0}}, {"type": "Feature", "geometry": {"type": "Polygon", "coordinates": [[[85.17759143125423, 27.968717273454235], [85.17758978217692, 27.967911467307317], [85.17851168112753, 27.96791002216558], [85.17851333876544, 27.968715828301924], [85.17759143125423, 27.968717273454235]]]}, "properties": {"depth_min_m": 0.05, "depth_max_m": 1.0}}, {"type": "Feature", "geometry": {"type": "Polygon", "coordinates": [[[85.17697353951979, 27.967106618833434], [85.17697189621059, 27.966300809497763], [85.17789377806089, 27.966299369365448], [85.17789542993037, 27.967105178690588], [85.17697353951979, 27.967106618833434]]]}, "properties": {"depth_min_m": 0.05, "depth_max_m": 1.0}}, {"type": "Feature", "geometry": {"type": "Polygon", "coordinates": [[[85.17604892451403, 27.965765035032955], [85.17604728981573, 27.964959223034963], [85.17696915742975, 27.964957790402554], [85.17697080068808, 27.96576360239006], [85.17604892451403, 27.965765035032955]]]}, "properties": {"depth_min_m": 0.05, "depth_max_m": 1.0}}, {"type": "Feature", "geometry": {"type": "Polygon", "coordinates": [[[85.17451084372496, 27.9649615941282], [85.17450922332345, 27.964155780521637], [85.17543108242813, 27.964154360370202], [85.1754327113895, 27.964960173966382], [85.17451084372496, 27.9649615941282]]]}, "properties": {"depth_min_m": 0.05, "depth_max_m": 1.0}}, {"type": "Feature", "geometry": {"type": "Polygon", "coordinates": [[[85.17266603944795, 27.964427203096818], [85.17266443618603, 27.96362138840875], [85.17358628964423, 27.963619983228753], [85.17358790146592, 27.964425797906564], [85.17266603944795, 27.964427203096818]]]}, "properties": {"depth_min_m": 0.05, "depth_max_m": 1.0}}, {"type": "Feature", "geometry": {"type": "Polygon", "coordinates": [[[85.17112801368961, 27.96362371374816], [85.17112642472347, 27.96281789745161], [85.1720482696716, 27.962816504752247], [85.17204986719733, 27.963622321038592], [85.17112801368961, 27.96362371374816]]]}, "properties": {"depth_min_m": 0.05, "depth_max_m": 1.0}}, {"type": "Feature", "geometry": {"type": "Polygon", "coordinates": [[[85.16989677223548, 27.962551136954755], [85.1698951947212, 27.961745318522574], [85.17081702829609, 27.96174393581296], [85.17081861436975, 27.96254975423503], [85.16989677223548, 27.962551136954755]]]}, "properties": {"depth_min_m": 0.05, "depth_max_m": 1.0}}, {"type": "Feature", "geometry": {"type": "Polygon", "coordinates": [[[85.16835880536472, 27.96174760641164], [85.16835724214515, 27.960941786370967], [85.16927906720952, 27.960940416141593], [85.16928063898833, 27.96174623617225], [85.16835880536472, 27.96174760641164]]]}, "properties": {"depth_min_m": 0.05, "depth_max_m": 1.0}}, {"type": "Feature", "geometry": {"type": "Polygon", "coordinates": [[[85.16804840677969, 27.96013641981555], [85.16804684647113, 27.95933059658769], [85.16896865442722, 27.959329228872335], [85.16897022329469, 27.9601350520902], [85.16804840677969, 27.96013641981555]]]}, "properties": {"depth_min_m": 0.05, "depth_max_m": 1.0}}, {"type": "Feature", "geometry": {"type": "Polygon", "coordinates": [[[85.16712348676526, 27.958526131991142], [85.16712193507327, 27.957720305568962], [85.16804372594095, 27.95771894535546], [85.16804528619157, 27.95852477176769], [85.16712348676526, 27.958526131991142]]]}, "properties": {"depth_min_m": 0.05, "depth_max_m": 1.0}}, {"type": "Feature", "geometry": {"type": "Polygon", "coordinates": [[[85.16650637717055, 27.957183989717528], [85.16650483123215, 27.95637816063472], [85.16742660785506, 27.956376805425645], [85.16742816235183, 27.957182634498555], [85.16650637717055, 27.957183989717528]]]}, "properties": {"depth_min_m": 0.05, "depth_max_m": 1.0}}, {"type": "Feature", "geometry": {"type": "Polygon", "coordinates": [[[85.1646617875044, 27.956649458485334], [85.16466025870159, 27.955843628321173], [85.1655820296763, 27.955842288082167], [85.16558356703734, 27.95664811823653], [85.1646617875044, 27.956649458485334]]]}, "properties": {"depth_min_m": 0.05, "depth_max_m": 1.0}}, {"type": "Feature", "geometry": {"type": "Polygon", "coordinates": [[[85.16343224228258, 27.956382623963293], [85.16343072490015, 27.955576793255286], [85.16435249305997, 27.955575462995178], [85.1643540190006, 27.95638129369345], [85.16343224228258, 27.956382623963293]]]}, "properties": {"depth_min_m": 0.05, "depth_max_m": 1.0}}, {"type": "Feature", "geometry": {"type": "Polygon", "coordinates": [[[85.16189394353785, 27.95531038313414], [85.16189244045624, 27.954504550286433], [85.16281419725226, 27.954503232508696], [85.16281570889184, 27.955309065346768], [85.16189394353785, 27.95531038313414]]]}, "properties": {"depth_min_m": 0.05, "depth_max_m": 1.0}}, {"type": "Feature", "geometry": {"type": "Polygon", "coordinates": [[[85.16158418804753, 27.953967765097573], [85.16158268786502, 27.95316192959182], [85.16250443040744, 27.953160614323984], [85.16250593914766, 27.95396644982014], [85.16158418804753, 27.953967765097573]]]}, "properties": {"depth_min_m": 0.05, "depth_max_m": 1.0}}, {"type": "Feature", "geometry": {"type": "Polygon", "coordinates": [[[85.16219567703672, 27.95235521648545], [85.16219417120499, 27.95154937779982], [85.16311589661382, 27.951548057563596], [85.16311741100293, 27.95235389623956], [85.16219567703672, 27.95235521648545]]]}, "properties": {"depth_min_m": 0.05, "depth_max_m": 1.0}}, {"type": "Feature", "geometry": {"type": "Polygon", "coordinates": [[[85.16188542644447, 27.950743975933882], [85.16188392352102, 27.9499381340583], [85.1628056318249, 27.94993681633512], [85.1628071433054, 27.950742658201076], [85.16188542644447, 27.950743975933882]]]}, "properties": {"depth_min_m": 0.05, "depth_max_m": 1.0}}, {"type": "Feature", "geometry": {"type": "Polygon", "coordinates": [[[85.1621901557904, 27.949400466848264], [85.1621886500612, 27.94859462231986], [85.16311034409429, 27.948593302118965], [85.16311185838032, 27.949399146637745], [85.1621901557904, 27.949400466848264]]]}, "properties": {"depth_min_m": 0.05, "depth_max_m": 1.0}}, {"type": "Feature", "geometry": {"type": "Polygon", "coordinates": [[[85.16218714435995, 27.947788776197676], [85.16218563868665, 27.946982928481603], [85.16310731560661, 27.946981608300025], [85.16310882983639, 27.947787456006445], [85.16218714435995, 27.947788776197676]]]}, "properties": {"depth_min_m": 0.05, "depth_max_m": 1.0}}, {"type": "Feature", "geometry": {"type": "Polygon", "coordinates": [[[85.1612629636763, 27.946447008479375], [85.16126146660581, 27.94564115809693], [85.16218312929328, 27.945639845412455], [85.16218463491998, 27.946445695785314], [85.1612629636763, 27.946447008479375]]]}, "properties": {"depth_min_m": 0.05, "depth_max_m": 1.0}}, {"type": "Feature", "geometry": {"type": "Polygon", "coordinates": [[[85.1600315925532, 27.94510566222327], [85.16003010693697, 27.94429980917101], [85.16095175540144, 27.944298506477118], [85.16095324957362, 27.94510435951987], [85.1600315925532, 27.94510566222327]]]}, "properties": {"depth_min_m": 0.05, "depth_max_m": 1.0}}, {"type": "Feature", "geometry": {"type": "Polygon", "coordinates": [[[85.15972190228183, 27.9437630054838], [85.15972041956348, 27.94295714977092], [85.16064205377758, 27.9429558495865], [85.16064354505163, 27.943761705289894], [85.15972190228183, 27.9437630054838]]]}, "properties": {"depth_min_m": 0.05, "depth_max_m": 1.0}}, {"type": "Feature", "geometry": {"type": "Polygon", "coordinates": [[[85.15910451975166, 27.94215215509065], [85.15910304279197, 27.941346296182072], [85.16002465991352, 27.941345001003832], [85.16002614542859, 27.942150859902966], [85.15910451975166, 27.94215215509065]]]}, "properties": {"depth_min_m": 0.05, "depth_max_m": 1.0}}, {"type": "Feature", "geometry": {"type": "Polygon", "coordinates": [[[85.15848765054011, 27.94080991531563], [85.15848617932953, 27.940004053742545], [85.15940778221078, 27.940002763567175], [85.15940926197648, 27.940808625130845], [85.15848765054011, 27.94080991531563]]]}, "properties": {"depth_min_m": 0.05, "depth_max_m": 1.0}}, {"type": "Feature", "geometry": {"type": "Polygon", "coordinates": [[[85.15756311379265, 27.93919947325969], [85.15756165119149, 27.93839360848693], [85.15848323699029, 27.938392325810955], [85.15848470814626, 27.939198190574366], [85.15756311379265, 27.93919947325969]]]}, "properties": {"depth_min_m": 0.05, "depth_max_m": 1.0}}, {"type": "Feature", "geometry": {"type": "Polygon", "coordinates": [[[85.15663909601628, 27.937857639607994], [85.1566376420149, 27.937051772166942], [85.15755921358321, 27.937050496987055], [85.15756067613913, 27.937856364418792], [85.15663909601628, 27.937857639607994]]]}, "properties": {"depth_min_m": 0.05, "depth_max_m": 1.0}}, {"type": "Feature", "geometry": {"type": "Polygon", "coordinates": [[[85.15571510680329, 27.93651579401307], [85.15571366140115, 27.93570992390345], [85.15663521873927, 27.935708656219454], [85.15663667269565, 27.936514526319833], [85.15571510680329, 27.93651579401307]]]}, "properties": {"depth_min_m": 0.05, "depth_max_m": 1.0}}, {"type": "Feature", "geometry": {"type": "Polygon", "coordinates": [[[85.15509785015495, 27.934904893158826], [85.15509641050913, 27.934099019851423], [85.15601795075708, 27.934097757172786], [85.15601939895686, 27.934903630470963], [85.15509785015495, 27.934904893158826]]]}, "properties": {"depth_min_m": 0.05, "depth_max_m": 1.0}}, {"type": "Feature", "geometry": {"type": "Polygon", "coordinates": [[[85.15079635557414, 27.934373438073234], [85.15079495586409, 27.933567563659548], [85.15171649053285, 27.9335663358948], [85.15171789879676, 27.9343722102995], [85.15079635557414, 27.934373438073234]]]}, "properties": {"depth_min_m": 0.05, "depth_max_m": 1.0}}, {"type": "Feature", "geometry": {"type": "Polygon", "coordinates": [[[85.14956624293202, 27.933569189043304], [85.14956485465288, 27.932763313021653], [85.15048638080255, 27.93276209523943], [85.15048777763539, 27.933567971252184], [85.14956624293202, 27.933569189043304]]]}, "properties": {"depth_min_m": 0.05, "depth_max_m": 1.0}}, {"type": "Feature", "geometry": {"type": "Polygon", "coordinates": [[[85.15448109438164, 27.933562607719143], [85.15447966048282, 27.932756731745545], [85.15540118649236, 27.932755474069044], [85.15540262894487, 27.93356135003347], [85.15448109438164, 27.933562607719143]]]}, "properties": {"depth_min_m": 0.05, "depth_max_m": 1.0}}, {"type": "Feature", "geometry": {"type": "Polygon", "coordinates": [[[85.15202272802107, 27.933028674489737], [85.15202131694954, 27.93222279742779], [85.15294283732736, 27.932221559704463], [85.15294425695247, 27.933027436757357], [85.15202272802107, 27.933028674489737]]]}, "properties": {"depth_min_m": 0.05, "depth_max_m": 1.0}}, {"type": "Feature", "geometry": {"type": "Polygon", "coordinates": [[[85.15355718423126, 27.932220730399944], [85.15355575893024, 27.931414851756806], [85.1544772707106, 27.931413601575688], [85.15447870456507, 27.932219480209707], [85.15355718423126, 27.932220730399944]]]}, "properties": {"depth_min_m": 0.05, "depth_max_m": 1.0}}, {"type": "Feature", "geometry": {"type": "Polygon", "coordinates": [[[85.14956300365411, 27.93168880917645], [85.1495616154351, 27.930882929430137], [85.15048312162679, 27.930881711668647], [85.15048451839911, 27.93168759140608], [85.14956300365411, 27.93168880917645]]]}, "properties": {"depth_min_m": 0.05, "depth_max_m": 1.0}}, {"type": "Feature", "geometry": {"type": "Polygon", "coordinates": [[[85.14894635629605, 27.930346483060454], [85.14894497382204, 27.929540600647346], [85.14986646577573, 27.929539387887317], [85.14986785680281, 27.930345270291568], [85.14894635629605, 27.930346483060454]]]}, "properties": {"depth_min_m": 0.05, "depth_max_m": 1.0}}, {"type": "Feature", "geometry": {"type": "Polygon", "coordinates": [[[85.14863643023436, 27.9287351192257], [85.14863505066258, 27.927929233616126], [85.14955652551922, 27.927928023367098], [85.14955791364373, 27.928733908967835], [85.14863643023436, 27.9287351192257]]]}, "properties": {"depth_min_m": 0.05, "depth_max_m": 1.0}}, {"type": "Feature", "geometry": {"type": "Polygon", "coordinates": [[[85.14986275649643, 27.92739036033616], [85.14986136556404, 27.92658447207673], [85.15078282613206, 27.926583251869424], [85.15078422561693, 27.927389140119953], [85.14986275649643, 27.92739036033616]]]}, "properties": {"depth_min_m": 0.05, "depth_max_m": 1.0}}, {"type": "Feature", "geometry": {"type": "Polygon", "coordinates": [[[85.15047427600413, 27.925777769585594], [85.15047287942194, 27.924971878137644], [85.1513943228682, 27.9249706529617], [85.15139572800254, 27.925776544400712], [85.15047427600413, 27.925777769585594]]]}, "properties": {"depth_min_m": 0.05, "depth_max_m": 1.0}}, {"type": "Feature", "geometry": {"type": "Polygon", "coordinates": [[[85.1507786278333, 27.924165577534346], [85.15077722845234, 27.923359682894436], [85.15169865478607, 27.9233584552432], [85.15170006271889, 27.924164349874157], [85.1507786278333, 27.924165577534346]]]}, "properties": {"depth_min_m": 0.05, "depth_max_m": 1.0}}, {"type": "Feature", "geometry": {"type": "Polygon", "coordinates": [[[85.14985487488755, 27.922823639079336], [85.14985348410144, 27.9220177417677], [85.15077489620845, 27.922016521610836], [85.15077629554612, 27.922822418913583], [85.14985487488755, 27.922823639079336]]]}, "properties": {"depth_min_m": 0.05, "depth_max_m": 1.0}}, {"type": "Feature", "geometry": {"type": "Polygon", "coordinates": [[[85.14831779719914, 27.92201975874145], [85.1483164206912, 27.921213859817236], [85.14923782428974, 27.921212652134933], [85.14923920934909, 27.922018551050353], [85.14831779719914, 27.92201975874145]]]}, "properties": {"depth_min_m": 0.05, "depth_max_m": 1.0}}, {"type": "Feature", "geometry": {"type": "Polygon", "coordinates": [[[85.14678074797031, 27.9212158560002], [85.14677938574002, 27.92040995546343], [85.14770078082978, 27.920408760255512], [85.14770215161133, 27.921214660783562], [85.14678074797031, 27.9212158560002]]]}, "properties": {"depth_min_m": 0.05, "depth_max_m": 1.0}}, {"type": "Feature", "geometry": {"type": "Polygon", "coordinates": [[[85.14309469047713, 27.920951928726694], [85.1430933624601, 27.920146027622877], [85.14401475479967, 27.92014486233514], [85.14401609136789, 27.920950763430447], [85.14309469047713, 27.920951928726694]]]}, "properties": {"depth_min_m": 0.05, "depth_max_m": 1.0}}, {"type": "Feature", "geometry": {"type": "Polygon", "coordinates": [[[85.14463035861465, 27.9209499824111], [85.14462901634562, 27.920144081321485], [85.14555040864374, 27.920142903568205], [85.14555175946398, 27.92094880464924], [85.14463035861465, 27.9209499824111]]]}, "properties": {"depth_min_m": 0.05, "depth_max_m": 1.0}}, {"type": "Feature", "geometry": {"type": "Polygon", "coordinates": [[[85.14186396157235, 27.919610301407445], [85.14186264499767, 27.91880439762875], [85.14278402311841, 27.91880324232751], [85.14278534824402, 27.919609146097784], [85.14186396157235, 27.919610301407445]]]}, "properties": {"depth_min_m": 0.05, "depth_max_m": 1.0}}, {"type": "Feature", "geometry": {"type": "Polygon", "coordinates": [[[85.1406337057463, 27.91853729144425], [85.14063240060518, 27.917731385523233], [85.14155376735745, 27.917730240205433], [85.1415550810493, 27.918536146118104], [85.1406337057463, 27.91853729144425]]]}, "properties": {"depth_min_m": 0.05, "depth_max_m": 1.0}}, {"type": "Feature", "geometry": {"type": "Polygon", "coordinates": [[[85.13909635900636, 27.917464642099045], [85.13909506814842, 27.916658734032836], [85.14001642354025, 27.916657601191307], [85.1400177229487, 27.917463509249263], [85.13909635900636, 27.917464642099045]]]}, "properties": {"depth_min_m": 0.05, "depth_max_m": 1.0}}, {"type": "Feature", "geometry": {"type": "Polygon", "coordinates": [[[85.1372532064617, 27.917198249511273], [85.1372519327127, 27.916392340895808], [85.13817328530213, 27.916391223015196], [85.13817456760161, 27.91719713162251], [85.1372532064617, 27.917198249511273]]]}, "properties": {"depth_min_m": 0.05, "depth_max_m": 1.0}}, {"type": "Feature", "geometry": {"type": "Polygon", "coordinates": [[[85.13571676484132, 27.91666282379731], [85.13571550535869, 27.915856914102562], [85.13663685228721, 27.91585580869243], [85.13663812032021, 27.91666171837911], [85.13571676484132, 27.91666282379731]]]}, "properties": {"depth_min_m": 0.05, "depth_max_m": 1.0}}, {"type": "Feature", "geometry": {"type": "Polygon", "coordinates": [[[85.13387281143169, 27.915859102485726], [85.13387156907285, 27.91505319117623], [85.13479290749775, 27.91505210073212], [85.13479415840679, 27.915858012033663], [85.13387281143169, 27.915859102485726]]]}, "properties": {"depth_min_m": 0.05, "depth_max_m": 1.0}}, {"type": "Feature", "geometry": {"type": "Polygon", "coordinates": [[[85.13387074084645, 27.914515916081605], [85.13386949852604, 27.913710002107155], [85.13479082270095, 27.913708911676295], [85.13479207357129, 27.914514825642794], [85.13387074084645, 27.914515916081605]]]}, "properties": {"depth_min_m": 0.05, "depth_max_m": 1.0}}, {"type": "Feature", "geometry": {"type": "Polygon", "coordinates": [[[85.13509751285248, 27.913439908194068], [85.13509625916318, 27.912633992098023], [85.1360175719074, 27.912632891706036], [85.13601883414644, 27.913438807794044], [85.13509751285248, 27.913439908194068]]]}, "properties": {"depth_min_m": 0.05, "depth_max_m": 1.0}}, {"type": "Feature", "geometry": {"type": "Polygon", "coordinates": [[[85.13632425445918, 27.91236388419623], [85.13632298940153, 27.911557965978485], [85.1372442907151, 27.911556855625527], [85.13724556432227, 27.91236277383518], [85.13632425445918, 27.91236388419623]]]}, "properties": {"depth_min_m": 0.05, "depth_max_m": 1.0}}, {"type": "Feature", "geometry": {"type": "Polygon", "coordinates": [[[85.13724386618463, 27.911288215866882], [85.13724259260898, 27.910482295524577], [85.1381638824998, 27.91048117770377], [85.13816516462477, 27.911287098037914], [85.13724386618463, 27.911288215866882]]]}, "properties": {"depth_min_m": 0.05, "depth_max_m": 1.0}}, {"type": "Feature", "geometry": {"type": "Polygon", "coordinates": [[[85.13816260039863, 27.90967525577], [85.13816131832127, 27.908869332236446], [85.13908259109014, 27.908868206953382], [85.1390838817165, 27.90967413047872], [85.13816260039863, 27.90967525577]]]}, "properties": {"depth_min_m": 0.05, "depth_max_m": 1.0}}, {"type": "Feature", "geometry": {"type": "Polygon", "coordinates": [[[85.13846712434369, 27.90806303284237], [85.13846583946435, 27.90725710611167], [85.13938709512776, 27.907255978352207], [85.13938838855576, 27.90806190507467], [85.13846712434369, 27.90806303284237]]]}, "properties": {"depth_min_m": 0.05, "depth_max_m": 1.0}}, {"type": "Feature", "geometry": {"type": "Polygon", "coordinates": [[[85.13938580172373, 27.906450050029623], [85.13938450834374, 27.905644120106775], [85.14030574688627, 27.90564298488541], [85.14030704881463, 27.906448914799988], [85.13938580172373, 27.906450050029623]]]}, "properties": {"depth_min_m": 0.05, "depth_max_m": 1.0}}, {"type": "Feature", "geometry": {"type": "Polygon", "coordinates": [[[85.14030487894745, 27.905105697386645], [85.14030357705934, 27.904299764804705], [85.14122480133082, 27.904298622118894], [85.141226111767, 27.905104554692503], [85.14030487894745, 27.905105697386645]]]}, "properties": {"depth_min_m": 0.05, "depth_max_m": 1.0}}, {"type": "Feature", "geometry": {"type": "Polygon", "coordinates": [[[85.14030227519541, 27.90349383062222], [85.14030097335565, 27.902687894839005], [85.1412221805314, 27.902686752169863], [85.14122349091895, 27.903492687944745], [85.14030227519541, 27.90349383062222]]]}, "properties": {"depth_min_m": 0.05, "depth_max_m": 1.0}}, {"type": "Feature", "geometry": {"type": "Polygon", "coordinates": [[[85.13937890397438, 27.902151738613007], [85.13937761072239, 27.9013458001534], [85.14029880367636, 27.901344664976207], [85.14030010547589, 27.902150603427515], [85.13937890397438, 27.902151738613007]]]}, "properties": {"depth_min_m": 0.05, "depth_max_m": 1.0}}, {"type": "Feature", "geometry": {"type": "Polygon", "coordinates": [[[85.1381493534131, 27.901347302090482], [85.13814807158157, 27.90054136201889], [85.13906925602016, 27.900540236820614], [85.13907054639905, 27.901346176884008], [85.1381493534131, 27.901347302090482]]]}, "properties": {"depth_min_m": 0.05, "depth_max_m": 1.0}}, {"type": "Feature", "geometry": {"type": "Polygon", "coordinates": [[[85.13630612420951, 27.900812236855273], [85.13630485948833, 27.900006295700017], [85.13722603827618, 27.900005185463144], [85.13722731154463, 27.90081112661032], [85.13630612420951, 27.900812236855273]]]}, "properties": {"depth_min_m": 0.05, "depth_max_m": 1.0}}, {"type": "Feature", "geometry": {"type": "Polygon", "coordinates": [[[85.13630359479062, 27.899200352943513], [85.13630233011638, 27.89839440858566], [85.13722349181022, 27.898393298364965], [85.1372247650314, 27.899199242714726], [85.13630359479062, 27.899200352943513]]]}, "properties": {"depth_min_m": 0.05, "depth_max_m": 1.0}}, {"type": "Feature", "geometry": {"type": "Polygon", "coordinates": [[[85.13599443500937, 27.897857479867394], [85.13599317322313, 27.89705153283761], [85.13691432068029, 27.897050425123005], [85.13691559101319, 27.89785637214471], [85.13599443500937, 27.897857479867394]]]}, "properties": {"depth_min_m": 0.05, "depth_max_m": 1.0}}, {"type": "Feature", "geometry": {"type": "Polygon", "coordinates": [[[85.13537781884018, 27.896246318522888], [85.13537656279834, 27.895440368284248], [85.13629769317826, 27.895439265570904], [85.13629895776647, 27.896245215801507], [85.13537781884018, 27.896246318522888]]]}, "properties": {"depth_min_m": 0.05, "depth_max_m": 1.0}}, {"type": "Feature", "geometry": {"type": "Polygon", "coordinates": [[[85.13537530677979, 27.89463441644368], [85.13537405078456, 27.893828463001043], [85.13629516407227, 27.893827360303757], [85.13629642861353, 27.894633313738353], [85.13537530677979, 27.89463441644368]]]}, "properties": {"depth_min_m": 0.05, "depth_max_m": 1.0}}, {"type": "Feature", "geometry": {"type": "Polygon", "coordinates": [[[85.13567982972917, 27.89302214122393], [85.13567857093197, 27.892216184579464], [85.13659966712028, 27.892215079405787], [85.1366009344632, 27.89302103604221], [85.13567982972917, 27.89302214122393]]]}, "properties": {"depth_min_m": 0.05, "depth_max_m": 1.0}}, {"type": "Feature", "geometry": {"type": "Polygon", "coordinates": [[[85.13629137058925, 27.89140949038628], [85.13629010614184, 27.890603530542162], [85.13721118522352, 27.890602420399723], [85.13721245821634, 27.89140838023573], [85.13629137058925, 27.89140949038628]]]}, "properties": {"depth_min_m": 0.05, "depth_max_m": 1.0}}, {"type": "Feature", "geometry": {"type": "Polygon", "coordinates": [[[85.13659586523265, 27.889797199881382], [85.1365945979838, 27.888991236834457], [85.13751565996732, 27.888990124215802], [85.13751693576124, 27.889796087254595], [85.13659586523265, 27.889797199881382]]]}, "properties": {"depth_min_m": 0.05, "depth_max_m": 1.0}}, {"type": "Feature", "geometry": {"type": "Polygon", "coordinates": [[[85.13567311641403, 27.888723687268065], [85.13567185774139, 27.887917722075827], [85.13659290835523, 27.887916616945102], [85.13659417557272, 27.88872258212929], [85.13567311641403, 27.888723687268065]]]}, "properties": {"depth_min_m": 0.05, "depth_max_m": 1.0}}, {"type": "Feature", "geometry": {"type": "Polygon", "coordinates": [[[85.34501588520372, 28.18638077115415], [85.34501267340411, 28.18557539385297], [85.34593688703833, 28.185572591304584], [85.34594010744152, 28.18637796858512], [85.34501588520372, 28.18638077115415]]]}, "properties": {"depth_min_m": 1.0, "depth_max_m": 2.5}}, {"type": "Feature", "geometry": {"type": "Polygon", "coordinates": [[[85.34377932170268, 28.185310659465962], [85.34377612145396, 28.184505280060808], [85.34470032369669, 28.184502487536392], [85.34470353254878, 28.18530786692094], [85.34377932170268, 28.185310659465962]]]}, "properties": {"depth_min_m": 1.0, "depth_max_m": 2.5}}, {"type": "Feature", "geometry": {"type": "Polygon", "coordinates": [[[85.34346485670504, 28.183700828266744], [85.34346165944315, 28.182895445739643], [85.34438584449953, 28.182892655755463], [85.34438905036446, 28.183698038261994], [85.34346485670504, 28.183700828266744]]]}, "properties": {"depth_min_m": 1.0, "depth_max_m": 2.5}}, {"type": "Feature", "geometry": {"type": "Polygon", "coordinates": [[[85.34253534858767, 28.182361305662813], [85.34253216002776, 28.181555920518853], [85.34345633080561, 28.181553138066036], [85.34345952796829, 28.182358523189478], [85.34253534858767, 28.182361305662813]]]}, "properties": {"depth_min_m": 1.0, "depth_max_m": 2.5}}, {"type": "Feature", "geometry": {"type": "Polygon", "coordinates": [[[85.3422209174556, 28.18075145962835], [85.3422177318819, 28.179946071361517], [85.3431418854745, 28.17994329144874], [85.34314507965064, 28.180748679695082], [85.3422209174556, 28.18075145962835]]]}, "properties": {"depth_min_m": 1.0, "depth_max_m": 2.5}}, {"type": "Feature", "geometry": {"type": "Polygon", "coordinates": [[[85.34221454636752, 28.179140681536506], [85.34221136091242, 28.178335290153154], [85.34313549730058, 28.178332510281372], [85.3431386913578, 28.17913790164423], [85.34221454636752, 28.179140681536506]]]}, "properties": {"depth_min_m": 1.0, "depth_max_m": 2.5}}, {"type": "Feature", "geometry": {"type": "Polygon", "coordinates": [[[85.34220817551662, 28.17752989721133], [85.34220499018014, 28.176724502710947], [85.34312910936451, 28.176721722880156], [85.34313230330281, 28.177527117360054], [85.34220817551662, 28.17752989721133]]]}, "properties": {"depth_min_m": 1.0, "depth_max_m": 2.5}}, {"type": "Feature", "geometry": {"type": "Polygon", "coordinates": [[[85.34220074315705, 28.175650640952426], [85.34219755795893, 28.174845242814854], [85.34312165707301, 28.174842463031887], [85.3431248508726, 28.17564786114897], [85.34220074315705, 28.175650640952426]]]}, "properties": {"depth_min_m": 1.0, "depth_max_m": 2.5}}, {"type": "Feature", "geometry": {"type": "Polygon", "coordinates": [[[85.34250240299762, 28.17403891736377], [85.34249921505105, 28.17323351611493], [85.34342329694294, 28.173230733874117], [85.34342649349064, 28.17403613510245], [85.34250240299762, 28.17403891736377]]]}, "properties": {"depth_min_m": 1.0, "depth_max_m": 2.5}}, {"type": "Feature", "geometry": {"type": "Polygon", "coordinates": [[[85.3421880027203, 28.172429039047756], [85.34218481775935, 28.171623634673477], [85.34310888246927, 28.171620854972474], [85.34311207603103, 28.17242625932625], [85.3421880027203, 28.172429039047756]]]}, "properties": {"depth_min_m": 1.0, "depth_max_m": 2.5}}, {"type": "Feature", "geometry": {"type": "Polygon", "coordinates": [[[85.34218163285767, 28.170818228739716], [85.34217844801528, 28.170012821246356], [85.34310249552409, 28.17001004158632], [85.34310568896697, 28.1708154490592], [85.34218163285767, 28.170818228739716]]]}, "properties": {"depth_min_m": 1.0, "depth_max_m": 2.5}}, {"type": "Feature", "geometry": {"type": "Polygon", "coordinates": [[[85.3418672502495, 28.169208337073908], [85.34186406839241, 28.16840292645414], [85.34278809872052, 28.168400149333813], [85.34279128917778, 28.169205559933143], [85.3418672502495, 28.169208337073908]]]}, "properties": {"depth_min_m": 1.0, "depth_max_m": 2.5}}, {"type": "Feature", "geometry": {"type": "Polygon", "coordinates": [[[85.34216889384383, 28.16759658940731], [85.34216570923857, 28.16679117567426], [85.34308972234707, 28.16678839609618], [85.34309291555216, 28.167593809808757], [85.34216889384383, 28.16759658940731]]]}, "properties": {"depth_min_m": 1.0, "depth_max_m": 2.5}}, {"type": "Feature", "geometry": {"type": "Polygon", "coordinates": [[[85.3418545231765, 28.165986685234373], [85.34185134155628, 28.1651812683739], [85.34277533748535, 28.165178491335446], [85.34277852770506, 28.16598390817546], [85.3418545231765, 28.165986685234373]]]}, "properties": {"depth_min_m": 1.0, "depth_max_m": 2.5}}, {"type": "Feature", "geometry": {"type": "Polygon", "coordinates": [[[85.3403102924602, 28.164917407468685], [85.34030712525114, 28.164111988493563], [85.34123110981304, 28.16410922397555], [85.34123428562141, 28.16491464293031], [85.3403102924602, 28.164917407468685]]]}, "properties": {"depth_min_m": 1.0, "depth_max_m": 2.5}}, {"type": "Feature", "geometry": {"type": "Polygon", "coordinates": [[[85.33876715085039, 28.164116579366045], [85.3387639980322, 28.163311158796436], [85.33968797409312, 28.163308406791867], [85.33969113551045, 28.164113827341183], [85.33876715085039, 28.164116579366045]]]}, "properties": {"depth_min_m": 1.0, "depth_max_m": 2.5}}, {"type": "Feature", "geometry": {"type": "Polygon", "coordinates": [[[85.33752993565712, 28.162777868544225], [85.33752679440192, 28.161972445346315], [85.33845075620948, 28.161969703369856], [85.33845390606356, 28.162775126547565], [85.33752993565712, 28.162777868544225]]]}, "properties": {"depth_min_m": 1.0, "depth_max_m": 2.5}}, {"type": "Feature", "geometry": {"type": "Polygon", "coordinates": [[[85.33690768436682, 28.16116884439399], [85.33690454896094, 28.160363418060584], [85.3378284936102, 28.16036068112162], [85.33783163761464, 28.16116610743487], [85.33690768436682, 28.16116884439399]]]}, "properties": {"depth_min_m": 1.0, "depth_max_m": 2.5}}, {"type": "Feature", "geometry": {"type": "Polygon", "coordinates": [[[85.3356715813704, 28.160098579852296], [85.33566845750681, 28.159293151410417], [85.33659239076933, 28.159290424492433], [85.3365955232313, 28.16009585291422], [85.3356715813704, 28.160098579852296]]]}, "properties": {"depth_min_m": 1.0, "depth_max_m": 2.5}}, {"type": "Feature", "geometry": {"type": "Polygon", "coordinates": [[[85.33381955526472, 28.159030106252096], [85.33381644867495, 28.15822467568833], [85.33474037058937, 28.15822196378812], [85.3347434857773, 28.159027394331897], [85.33381955526472, 28.159030106252096]]]}, "properties": {"depth_min_m": 1.0, "depth_max_m": 2.5}}, {"type": "Feature", "geometry": {"type": "Polygon", "coordinates": [[[85.33227657868919, 28.158229178865383], [85.33227348648722, 28.157423746706876], [85.33319739989993, 28.157421047319033], [85.33320050069987, 28.158226479457642], [85.33227657868919, 28.158229178865383]]]}, "properties": {"depth_min_m": 1.0, "depth_max_m": 2.5}}, {"type": "Feature", "geometry": {"type": "Polygon", "coordinates": [[[85.33073363067157, 28.157428229030096], [85.33073055285688, 28.15662279527691], [85.33165445776758, 28.156620108401256], [85.3316575441801, 28.15742554213465], [85.33073363067157, 28.157428229030096]]]}, "properties": {"depth_min_m": 1.0, "depth_max_m": 2.5}}, {"type": "Feature", "geometry": {"type": "Polygon", "coordinates": [[[85.32918866892018, 28.156090300021564], [85.32918560553023, 28.155284863632453], [85.33010949620694, 28.15528218928194], [85.33011256819447, 28.156087625651338], [85.32918866892018, 28.156090300021564]]]}, "properties": {"depth_min_m": 1.0, "depth_max_m": 2.5}}, {"type": "Feature", "geometry": {"type": "Polygon", "coordinates": [[[85.3276437549335, 28.154752345744786], [85.32764070596743, 28.153946906719526], [85.32856458241014, 28.153944244893847], [85.32856763997353, 28.154749683899485], [85.3276437549335, 28.154752345744786]]]}, "properties": {"depth_min_m": 1.0, "depth_max_m": 2.5}}, {"type": "Feature", "geometry": {"type": "Polygon", "coordinates": [[[85.32640684565162, 28.15341348392584], [85.32640380824282, 28.152608042270806], [85.32732767043267, 28.152605390471265], [85.32733071643851, 28.15341083210678], [85.32640684565162, 28.15341348392584]]]}, "properties": {"depth_min_m": 1.0, "depth_max_m": 2.5}}, {"type": "Feature", "geometry": {"type": "Polygon", "coordinates": [[[85.3245560836937, 28.152613323384543], [85.32455105012741, 28.15127091708922], [85.3260907967206, 28.151266518297078], [85.32609585416697, 28.1526089245384], [85.3245560836937, 28.152613323384543]]]}, "properties": {"depth_min_m": 1.0, "depth_max_m": 2.5}}, {"type": "Feature", "geometry": {"type": "Polygon", "coordinates": [[[85.3233192527404, 28.151274421132886], [85.32331624413774, 28.15046897524642], [85.32424008359072, 28.150466348482187], [85.32424310079001, 28.151271794349302], [85.3233192527404, 28.151274421132886]]]}, "properties": {"depth_min_m": 1.0, "depth_max_m": 2.5}}, {"type": "Feature", "geometry": {"type": "Polygon", "coordinates": [[[85.32116261088636, 28.1510120393438], [85.32115862619827, 28.14993811039347], [85.31961890298743, 28.149942442510046], [85.31961493750116, 28.14886851073882], [85.31807523323953, 28.14887282199381], [85.31807424665901, 28.148604338606276], [85.31591866712176, 28.148610339372546], [85.31591376774, 28.14726791975603], [85.31437409176598, 28.14727218098255], [85.31436824136095, 28.145661271648105], [85.31344445289542, 28.145663818353512], [85.31344153637006, 28.14485836132237], [85.31159397646736, 28.144863432211935], [85.3115872115638, 28.14298402630459], [85.31097137158527, 28.14298570991034], [85.3109684781608, 28.142180247616963], [85.31189222952462, 28.14217772097787], [85.31189513154408, 28.14298318325264], [85.31374265129952, 28.142978107453903], [85.3137475167693, 28.144320541040948], [85.31497921558604, 28.144317140479057], [85.31498312335128, 28.145391084187906], [85.3165227658368, 28.145386814707255], [85.31652767455655, 28.146729240382165], [85.31806734076669, 28.146724950030457], [85.31807030039809, 28.14753040331937], [85.31960998078169, 28.14752609211727], [85.31961394614497, 28.14860002736187], [85.3211536454772, 28.148595695298464], [85.3211576300417, 28.149669627721785], [85.32269734832227, 28.149665274796632], [85.32270235304614, 28.151007686365233], [85.32116261088636, 28.1510120393438]]]}, "properties": {"depth_min_m": 1.0, "depth_max_m": 2.5}}, {"type": "Feature", "geometry": {"type": "Polygon", "coordinates": [[[85.30912193401066, 28.142453766029192], [85.30911905781186, 28.14164830265612], [85.3100428035533, 28.141645791018142], [85.31004568834699, 28.14245125437274], [85.30912193401066, 28.142453766029192]]]}, "properties": {"depth_min_m": 1.0, "depth_max_m": 2.5}}, {"type": "Feature", "geometry": {"type": "Polygon", "coordinates": [[[85.30757852751108, 28.14138398391642], [85.30757566570807, 28.140578518427148], [85.30849940007904, 28.140576019304326], [85.30850227047671, 28.1413814847752], [85.30757852751108, 28.14138398391642]]]}, "properties": {"depth_min_m": 1.0, "depth_max_m": 2.5}}, {"type": "Feature", "geometry": {"type": "Polygon", "coordinates": [[[85.30603515915713, 28.14031417812367], [85.30603231174923, 28.13950871051818], [85.30695603474956, 28.13950622391024], [85.30695889075191, 28.140311691497434], [85.30603515915713, 28.14031417812367]]]}, "properties": {"depth_min_m": 1.0, "depth_max_m": 2.5}}, {"type": "Feature", "geometry": {"type": "Polygon", "coordinates": [[[85.30479879039667, 28.13897503504872], [85.30479406399155, 28.137632583784043], [85.30633356899182, 28.137628451998843], [85.30633831926956, 28.138970903212833], [85.30479879039667, 28.13897503504872]]]}, "properties": {"depth_min_m": 1.0, "depth_max_m": 2.5}}, {"type": "Feature", "geometry": {"type": "Polygon", "coordinates": [[[85.3041773185967, 28.137365739890857], [85.30417448857082, 28.13656026651207], [85.30509818016529, 28.1365577949593], [85.30510101878504, 28.137363268319895], [85.3041773185967, 28.137365739890857]]]}, "properties": {"depth_min_m": 1.0, "depth_max_m": 2.5}}, {"type": "Feature", "geometry": {"type": "Polygon", "coordinates": [[[85.30324891599821, 28.13602574743685], [85.30324609465373, 28.135220271431724], [85.30416977197805, 28.135217807403198], [85.30417260191616, 28.136023283390177], [85.30324891599821, 28.13602574743685]]]}, "properties": {"depth_min_m": 1.0, "depth_max_m": 2.5}}, {"type": "Feature", "geometry": {"type": "Polygon", "coordinates": [[[85.30201358818913, 28.134955052788357], [85.30200890519046, 28.13361258839209], [85.30108524493062, 28.133615034898774], [85.30107870902687, 28.13173557739696], [85.30046294885828, 28.131737204210246], [85.30046015357203, 28.1309317198025], [85.30138378522346, 28.130929278351587], [85.30138658910248, 28.131734762741367], [85.3032338694342, 28.131729857322544], [85.30324045212222, 28.13360931472611], [85.30354833884059, 28.133608494228017], [85.30355304570968, 28.134950958574066], [85.30201358818913, 28.134955052788357]]]}, "properties": {"depth_min_m": 1.0, "depth_max_m": 2.5}}, {"type": "Feature", "geometry": {"type": "Polygon", "coordinates": [[[85.29984253943253, 28.130396352790342], [85.29983882014909, 28.129322369736578], [85.29891520559613, 28.129324798662353], [85.2989124247864, 28.128519309527192], [85.29983603074707, 28.12851688061929], [85.29983789034266, 28.12905387353815], [85.30137724304201, 28.129049808686243], [85.30138191599978, 28.130392287888558], [85.29984253943253, 28.130396352790342]]]}, "properties": {"depth_min_m": 1.0, "depth_max_m": 2.5}}, {"type": "Feature", "geometry": {"type": "Polygon", "coordinates": [[[85.29798697065766, 28.127984737302903], [85.29798419852617, 28.12717924553966], [85.29890779021846, 28.127176824154933], [85.29891057094197, 28.127982315900358], [85.29798697065766, 28.127984737302903]]]}, "properties": {"depth_min_m": 1.0, "depth_max_m": 2.5}}, {"type": "Feature", "geometry": {"type": "Polygon", "coordinates": [[[85.296443040412, 28.126646269130216], [85.29644028268608, 28.125840774726775], [85.29736386014457, 28.125838365860552], [85.29736662646226, 28.12664386024627], [85.296443040412, 28.126646269130216]]]}, "properties": {"depth_min_m": 1.0, "depth_max_m": 2.5}}, {"type": "Feature", "geometry": {"type": "Polygon", "coordinates": [[[85.29490098680799, 28.12584477285209], [85.2948982434527, 28.125039276852718], [85.29582181240502, 28.12503688049294], [85.29582456435192, 28.12584237647466], [85.29490098680799, 28.12584477285209]]]}, "properties": {"depth_min_m": 1.0, "depth_max_m": 2.5}}, {"type": "Feature", "geometry": {"type": "Polygon", "coordinates": [[[85.29366499686529, 28.124505462124084], [85.29366226505017, 28.12369996349013], [85.29458581975153, 28.123697577150573], [85.29458856015796, 28.124503075766974], [85.29366499686529, 28.124505462124084]]]}, "properties": {"depth_min_m": 1.0, "depth_max_m": 2.5}}, {"type": "Feature", "geometry": {"type": "Polygon", "coordinates": [[[85.2921221012809, 28.12343542416874], [85.2921193838521, 28.12262992341649], [85.2930429271832, 28.122627549588795], [85.29304565320311, 28.123433050323577], [85.2921221012809, 28.12343542416874]]]}, "properties": {"depth_min_m": 1.0, "depth_max_m": 2.5}}, {"type": "Feature", "geometry": {"type": "Polygon", "coordinates": [[[85.29057924382909, 28.12236536253608], [85.29057654078588, 28.121559859665467], [85.29150007274656, 28.121557498349386], [85.29150278438068, 28.122363001202633], [85.29057924382909, 28.12236536253608]]]}, "properties": {"depth_min_m": 1.0, "depth_max_m": 2.5}}, {"type": "Feature", "geometry": {"type": "Polygon", "coordinates": [[[85.28903552828419, 28.12102677573755], [85.28903283964256, 28.12022127022604], [85.28995635736912, 28.120218921427075], [85.28995905460141, 28.121024426921316], [85.28903552828419, 28.12102677573755]]]}, "properties": {"depth_min_m": 1.0, "depth_max_m": 2.5}}, {"type": "Feature", "geometry": {"type": "Polygon", "coordinates": [[[85.28779969783206, 28.119687385741972], [85.28779702072762, 28.11888187759514], [85.28872052420347, 28.118879538815392], [85.28872320989828, 28.119685046945015], [85.28779969783206, 28.119687385741972]]]}, "properties": {"depth_min_m": 1.0, "depth_max_m": 2.5}}, {"type": "Feature", "geometry": {"type": "Polygon", "coordinates": [[[85.28625696057263, 28.1186172558372], [85.28625429785157, 28.11781174557165], [85.2871777899567, 28.11780941930275], [85.28718046126794, 28.118614929551182], [85.28625696057263, 28.1186172558372]]]}, "properties": {"depth_min_m": 1.0, "depth_max_m": 2.5}}, {"type": "Feature", "geometry": {"type": "Polygon", "coordinates": [[[85.28471514423298, 28.117815606035972], [85.28471249587815, 28.117010094174283], [85.28563597947574, 28.11700778041029], [85.2856386364206, 28.117813292254965], [85.28471514423298, 28.117815606035972]]]}, "properties": {"depth_min_m": 1.0, "depth_max_m": 2.5}}, {"type": "Feature", "geometry": {"type": "Polygon", "coordinates": [[[85.28286552853531, 28.117014699224192], [85.28286114335276, 28.115672175914], [85.28440025895821, 28.115668340500715], [85.28440466800134, 28.11701086376391], [85.28286552853531, 28.117014699224192]]]}, "properties": {"depth_min_m": 1.0, "depth_max_m": 2.5}}, {"type": "Feature", "geometry": {"type": "Polygon", "coordinates": [[[85.2816289775679, 28.115406724067228], [85.28162548481176, 28.114332701556005], [85.28039421123071, 28.114335741544004], [85.28038986449467, 28.11299320944695], [85.28192893259833, 28.112989407427293], [85.28193242906363, 28.114063433416188], [85.28316369871882, 28.114060376785673], [85.28316808851015, 28.115402905313523], [85.2816289775679, 28.115406724067228]]]}, "properties": {"depth_min_m": 1.0, "depth_max_m": 2.5}}, {"type": "Feature", "geometry": {"type": "Polygon", "coordinates": [[[85.27915774440099, 28.11272772912818], [85.27915514789223, 28.11192220723352], [85.28007857738326, 28.111919938531337], [85.28008118248103, 28.112725460409305], [85.27915774440099, 28.11272772912818]]]}, "properties": {"depth_min_m": 1.0, "depth_max_m": 2.5}}, {"type": "Feature", "geometry": {"type": "Polygon", "coordinates": [[[85.27761523791268, 28.111657464098155], [85.27761093438988, 28.110314923203394], [85.2791499550196, 28.110311158738078], [85.27915428240004, 28.111653699586714], [85.27761523791268, 28.111657464098155]]]}, "properties": {"depth_min_m": 1.0, "depth_max_m": 2.5}}, {"type": "Feature", "geometry": {"type": "Polygon", "coordinates": [[[85.27668752194798, 28.110317171892945], [85.27668494848687, 28.10951164524768], [85.27760835234025, 28.109509396574676], [85.27761093438988, 28.110314923203394], [85.27668752194798, 28.110317171892945]]]}, "properties": {"depth_min_m": 1.0, "depth_max_m": 2.5}}, {"type": "Feature", "geometry": {"type": "Polygon", "coordinates": [[[85.27483643647373, 28.10897910146006], [85.27483388026897, 28.108173572166788], [85.27575726990405, 28.108171338505503], [85.27575983469708, 28.108976867782363], [85.27483643647373, 28.10897910146006]]]}, "properties": {"depth_min_m": 1.0, "depth_max_m": 2.5}}, {"type": "Feature", "geometry": {"type": "Polygon", "coordinates": [[[85.27360184577418, 28.107908028607063], [85.27359930108356, 28.10710249719962], [85.27452267933123, 28.10710027354958], [85.2745252326099, 28.107905804940668], [85.27360184577418, 28.107908028607063]]]}, "properties": {"depth_min_m": 1.0, "depth_max_m": 2.5}}, {"type": "Feature", "geometry": {"type": "Polygon", "coordinates": [[[85.27206033723236, 28.107106186634102], [85.27205780690225, 28.106300653630143], [85.2729811766408, 28.106298442483038], [85.27298371555882, 28.10710397547075], [85.27206033723236, 28.107106186634102]]]}, "properties": {"depth_min_m": 1.0, "depth_max_m": 2.5}}, {"type": "Feature", "geometry": {"type": "Polygon", "coordinates": [[[85.27082496795065, 28.1057665672831], [85.27082244914916, 28.104961031641583], [85.27174580463762, 28.104958830510732], [85.27174833202673, 28.105764366136075], [85.27082496795065, 28.1057665672831]]]}, "properties": {"depth_min_m": 1.0, "depth_max_m": 2.5}}, {"type": "Feature", "geometry": {"type": "Polygon", "coordinates": [[[85.26958963688342, 28.104426930181287], [85.26958712960986, 28.103621391901992], [85.27051047084836, 28.10361920078715], [85.2705129867093, 28.10442473905034], [85.26958963688342, 28.104426930181287]]]}, "properties": {"depth_min_m": 1.0, "depth_max_m": 2.5}}, {"type": "Feature", "geometry": {"type": "Polygon", "coordinates": [[[85.26804739646535, 28.10335651399412], [85.26804490356592, 28.10255097359482], [85.26896823343247, 28.10254879498763], [85.26897073491908, 28.10335433537092], [85.26804739646535, 28.10335651399412]]]}, "properties": {"depth_min_m": 1.0, "depth_max_m": 2.5}}, {"type": "Feature", "geometry": {"type": "Polygon", "coordinates": [[[85.26619824369388, 28.102555308334107], [85.26619576801482, 28.10174976633283], [85.26711908938694, 28.10174760272494], [85.267121573653, 28.10255314471032], [85.26619824369388, 28.102555308334107]]]}, "properties": {"depth_min_m": 1.0, "depth_max_m": 2.5}}, {"type": "Feature", "geometry": {"type": "Polygon", "coordinates": [[[85.26496302998606, 28.101215610602406], [85.26496056583275, 28.100410065962883], [85.2658838729549, 28.100407912370237], [85.26588634569495, 28.101213456993932], [85.26496302998606, 28.101215610602406]]]}, "properties": {"depth_min_m": 1.0, "depth_max_m": 2.5}}, {"type": "Feature", "geometry": {"type": "Polygon", "coordinates": [[[85.26372867204064, 28.100144410530373], [85.26372621939714, 28.099338863775895], [85.26464951513164, 28.099336720193005], [85.26465197636166, 28.100142266931737], [85.26372867204064, 28.100144410530373]]]}, "properties": {"depth_min_m": 1.0, "depth_max_m": 2.5}}, {"type": "Feature", "geometry": {"type": "Polygon", "coordinates": [[[85.262801294271, 28.098803967814636], [85.2627988502898, 28.09799841842672], [85.26372213175937, 28.097996282361482], [85.26372458432684, 28.09880183173368], [85.262801294271, 28.098803967814636]]]}, "properties": {"depth_min_m": 1.0, "depth_max_m": 2.5}}, {"type": "Feature", "geometry": {"type": "Polygon", "coordinates": [[[85.26125923785939, 28.097733445067522], [85.2612568082489, 28.096927893559137], [85.26218007834602, 28.096925770000368], [85.26218251654257, 28.097731321493143], [85.26125923785939, 28.097733445067522]]]}, "properties": {"depth_min_m": 1.0, "depth_max_m": 2.5}}, {"type": "Feature", "geometry": {"type": "Polygon", "coordinates": [[[85.26033192411532, 28.09639297440453], [85.26032950316593, 28.09558742026225], [85.2612527589985, 28.09558530422071], [85.26125518853368, 28.09639085834746], [85.26033192411532, 28.09639297440453]]]}, "properties": {"depth_min_m": 1.0, "depth_max_m": 2.5}}, {"type": "Feature", "geometry": {"type": "Polygon", "coordinates": [[[85.25694423139583, 28.095595114989575], [85.25694184197212, 28.09478955921955], [85.25786508938337, 28.094787470661203], [85.2578674873927, 28.09559302641587], [85.25694423139583, 28.095595114989575]]]}, "properties": {"depth_min_m": 1.0, "depth_max_m": 2.5}}, {"type": "Feature", "geometry": {"type": "Polygon", "coordinates": [[[85.25848299136587, 28.095591629871624], [85.25848058763277, 28.094786074127203], [85.2594038349696, 28.094783973083576], [85.25940624728833, 28.095589528812557], [85.25848299136587, 28.095591629871624]]]}, "properties": {"depth_min_m": 1.0, "depth_max_m": 2.5}}, {"type": "Feature", "geometry": {"type": "Polygon", "coordinates": [[[85.25509692851318, 28.095330751237647], [85.25509455627547, 28.094525194913345], [85.2560178009136, 28.094523121342426], [85.2560201817369, 28.095328677651498], [85.25509692851318, 28.095330751237647]]]}, "properties": {"depth_min_m": 1.0, "depth_max_m": 2.5}}, {"type": "Feature", "geometry": {"type": "Polygon", "coordinates": [[[85.25355502914758, 28.09426011508546], [85.25355267127765, 28.09345455664075], [85.25447590454202, 28.093452495575292], [85.25447827099731, 28.09425805400487], [85.25355502914758, 28.09426011508546]]]}, "properties": {"depth_min_m": 1.0, "depth_max_m": 2.5}}, {"type": "Feature", "geometry": {"type": "Polygon", "coordinates": [[[85.25201473025514, 28.093726494767523], [85.25201238672324, 28.092920935250028], [85.2529356143371, 28.092918886679758], [85.25293796645428, 28.093724446182208], [85.25201473025514, 28.093726494767523]]]}, "properties": {"depth_min_m": 1.0, "depth_max_m": 2.5}}, {"type": "Feature", "geometry": {"type": "Polygon", "coordinates": [[[85.24308785089922, 28.092940351890732], [85.24308559040037, 28.092134790658974], [85.24400880984376, 28.092132814516713], [85.24401107892773, 28.092938375733954], [85.24308785089922, 28.092940351890732]]]}, "properties": {"depth_min_m": 1.0, "depth_max_m": 2.5}}, {"type": "Feature", "geometry": {"type": "Polygon", "coordinates": [[[85.25016593136492, 28.092925009917426], [85.25016360504681, 28.092119448798407], [85.25108682416257, 28.09211741522516], [85.25108915906578, 28.09292297632925], [85.25016593136492, 28.092925009917426]]]}, "properties": {"depth_min_m": 1.0, "depth_max_m": 2.5}}, {"type": "Feature", "geometry": {"type": "Polygon", "coordinates": [[[85.24493354768629, 28.092667871859863], [85.24493127003132, 28.09186231013332], [85.24585448652847, 28.091860319013936], [85.2458567727685, 28.092665880725868], [85.24493354768629, 28.092667871859863]]]}, "properties": {"depth_min_m": 1.0, "depth_max_m": 2.5}}, {"type": "Feature", "geometry": {"type": "Polygon", "coordinates": [[[85.24862567708955, 28.092391341996365], [85.24862336510864, 28.09158577980477], [85.24954657857312, 28.091583758726436], [85.24954889913903, 28.092389320903184], [85.24862567708955, 28.092391341996365]]]}, "properties": {"depth_min_m": 1.0, "depth_max_m": 2.5}}, {"type": "Feature", "geometry": {"type": "Polygon", "coordinates": [[[85.24647225613305, 28.092664549141517], [85.2464684362177, 28.091321945431417], [85.24800712069877, 28.09131860194558], [85.24801096446139, 28.092661205614707], [85.24647225613305, 28.092664549141517]]]}, "properties": {"depth_min_m": 1.0, "depth_max_m": 2.5}}, {"type": "Feature", "geometry": {"type": "Polygon", "coordinates": [[[85.3758861019296, 28.27164543979653], [85.37588143177652, 28.270571823168883], [85.37526468403208, 28.27057385389573], [85.37525652495265, 28.26869501815618], [85.3758732592879, 28.268692987464394], [85.37586975690155, 28.267887769588345], [85.37679484973009, 28.267884717320708], [85.37679836073636, 28.26868993517418], [85.377415094999, 28.26868789614565], [85.37741978410479, 28.26976151752754], [85.37803652600061, 28.269759475144177], [85.37804474562566, 28.271638305920995], [85.3758861019296, 28.27164543979653]]]}, "properties": {"depth_min_m": 2.5, "depth_max_m": 100.0}}, {"type": "Feature", "geometry": {"type": "Polygon", "coordinates": [[[85.37494117030646, 28.26708559490977], [85.37493767667026, 28.266280373921738], [85.37586275232468, 28.266277329202165], [85.37586625458049, 28.267082550167657], [85.37494117030646, 28.26708559490977]]]}, "properties": {"depth_min_m": 2.5, "depth_max_m": 100.0}}, {"type": "Feature", "geometry": {"type": "Polygon", "coordinates": [[[85.37370424236312, 28.266284421876648], [85.37370076028463, 28.2654791993138], [85.37462582740638, 28.265476164620548], [85.37462931810431, 28.266281387160955], [85.37370424236312, 28.266284421876648]]]}, "properties": {"depth_min_m": 2.5, "depth_max_m": 100.0}}, {"type": "Feature", "geometry": {"type": "Polygon", "coordinates": [[[85.37246502366673, 28.264946417980223], [85.37246155318864, 28.264141192812396], [85.37338660603147, 28.264138168160226], [85.37339008512876, 28.264943393305682], [85.37246502366673, 28.264946417980223]]]}, "properties": {"depth_min_m": 2.5, "depth_max_m": 100.0}}, {"type": "Feature", "geometry": {"type": "Polygon", "coordinates": [[[85.37215089052587, 28.263605381720527], [85.37214742302852, 28.262800153969813], [85.373072461528, 28.262797131855844], [85.37307593764424, 28.2636023595842], [85.37215089052587, 28.263605381720527]]]}, "properties": {"depth_min_m": 2.5, "depth_max_m": 100.0}}, {"type": "Feature", "geometry": {"type": "Polygon", "coordinates": [[[85.37122007858135, 28.262266349207184], [85.37121661981034, 28.26146111885838], [85.3721416440099, 28.261458104284234], [85.37214511139955, 28.26226333461076], [85.37122007858135, 28.262266349207184]]]}, "properties": {"depth_min_m": 2.5, "depth_max_m": 100.0}}, {"type": "Feature", "geometry": {"type": "Polygon", "coordinates": [[[85.36998210503182, 28.261196716150256], [85.36997865783803, 28.26039148371091], [85.3709036706322, 28.26038847916983], [85.37090712644444, 28.261193711586966], [85.36998210503182, 28.261196716150256]]]}, "properties": {"depth_min_m": 2.5, "depth_max_m": 100.0}}, {"type": "Feature", "geometry": {"type": "Polygon", "coordinates": [[[85.3687430169131, 28.25985865559041], [85.36873958131727, 28.259053420545072], [85.36966457983334, 28.259050426044258], [85.36966802404736, 28.25985566106744], [85.3687430169131, 28.25985865559041]]]}, "properties": {"depth_min_m": 2.5, "depth_max_m": 100.0}}, {"type": "Feature", "geometry": {"type": "Polygon", "coordinates": [[[85.36719791698164, 28.259058394707754], [85.36719449581318, 28.25825315807964], [85.36811948581783, 28.258250176104884], [85.36812291560432, 28.25905541271095], [85.36719791698164, 28.259058394707754]]]}, "properties": {"depth_min_m": 2.5, "depth_max_m": 100.0}}, {"type": "Feature", "geometry": {"type": "Polygon", "coordinates": [[[85.36534678489402, 28.25879592414193], [85.36534338098275, 28.25799068695448], [85.3662683682421, 28.25798771999174], [85.36627178077134, 28.258792957157233], [85.36534678489402, 28.25879592414193]]]}, "properties": {"depth_min_m": 2.5, "depth_max_m": 100.0}}, {"type": "Feature", "geometry": {"type": "Polygon", "coordinates": [[[85.36503165090694, 28.257186435533942], [85.36502824999506, 28.256381195246732], [85.36595322004013, 28.25637823082862], [85.36595662956965, 28.25718347109391], [85.36503165090694, 28.257186435533942]]]}, "properties": {"depth_min_m": 2.5, "depth_max_m": 100.0}}, {"type": "Feature", "geometry": {"type": "Polygon", "coordinates": [[[85.36471652865661, 28.255576939877976], [85.36471313074392, 28.25477169649049], [85.36563808357529, 28.254768734616952], [85.36564149010532, 28.25557397798252], [85.36471652865661, 28.255576939877976]]]}, "properties": {"depth_min_m": 2.5, "depth_max_m": 100.0}}, {"type": "Feature", "geometry": {"type": "Polygon", "coordinates": [[[85.36470973289453, 28.253966451556316], [85.36470633510847, 28.253161205075354], [85.36563127070566, 28.25315824324562], [85.36563467710876, 28.253963489704677], [85.36470973289453, 28.253966451556316]]]}, "properties": {"depth_min_m": 2.5, "depth_max_m": 100.0}}, {"type": "Feature", "geometry": {"type": "Polygon", "coordinates": [[[85.36408518871825, 28.252089511060337], [85.36408179682431, 28.251284260955128], [85.36500671235804, 28.25128130417774], [85.36501011286859, 28.25208655426108], [85.36408518871825, 28.252089511060337]]]}, "properties": {"depth_min_m": 2.5, "depth_max_m": 100.0}}, {"type": "Feature", "geometry": {"type": "Polygon", "coordinates": [[[85.36438783886696, 28.250746441938038], [85.36438444420624, 28.24994118926134], [85.36530934535816, 28.249938230019804], [85.36531274863525, 28.2507434826746], [85.36438783886696, 28.250746441938038]]]}, "properties": {"depth_min_m": 2.5, "depth_max_m": 100.0}}, {"type": "Feature", "geometry": {"type": "Polygon", "coordinates": [[[85.36376445454981, 28.249137903682723], [85.36376106575962, 28.2483326478965], [85.36468594972146, 28.248329693699848], [85.36468934712771, 28.2491349494642], [85.36376445454981, 28.249137903682723]]]}, "properties": {"depth_min_m": 2.5, "depth_max_m": 100.0}}, {"type": "Feature", "geometry": {"type": "Polygon", "coordinates": [[[85.36283392832017, 28.24779875652636], [85.362830548251, 28.246993498138853], [85.36375541791625, 28.246990551480177], [85.36375880660123, 28.24779580984589], [85.36283392832017, 28.24779875652636]]]}, "properties": {"depth_min_m": 2.5, "depth_max_m": 100.0}}, {"type": "Feature", "geometry": {"type": "Polygon", "coordinates": [[[85.36190343092203, 28.246459597496532], [85.36190005957332, 28.245654336507453], [85.36282491494228, 28.245651397386567], [85.36282829490652, 28.246456658353935], [85.36190343092203, 28.246459597496532]]]}, "properties": {"depth_min_m": 2.5, "depth_max_m": 100.0}}, {"type": "Feature", "geometry": {"type": "Polygon", "coordinates": [[[85.36035751483625, 28.245390797686543], [85.36035415793012, 28.244585534597224], [85.36127900191659, 28.244582608007665], [85.36128236743802, 28.24538787107535], [85.36035751483625, 28.245390797686543]]]}, "properties": {"depth_min_m": 2.5, "depth_max_m": 100.0}}, {"type": "Feature", "geometry": {"type": "Polygon", "coordinates": [[[85.35881163697852, 28.24432197419086], [85.35880829451425, 28.243516709001266], [85.35973312711803, 28.243513794942796], [85.35973647819739, 28.24431906011086], [85.35881163697852, 28.24432197419086]]]}, "properties": {"depth_min_m": 2.5, "depth_max_m": 100.0}}, {"type": "Feature", "geometry": {"type": "Polygon", "coordinates": [[[85.35788123931658, 28.242982771224135], [85.35787790557093, 28.24217750343228], [85.35880272387887, 28.242174596910967], [85.35880606623934, 28.242979864681306], [85.35788123931658, 28.242982771224135]]]}, "properties": {"depth_min_m": 2.5, "depth_max_m": 100.0}}, {"type": "Feature", "geometry": {"type": "Polygon", "coordinates": [[[85.35756630197584, 28.241373201258185], [85.35756297122589, 28.24056793036185], [85.35848777232538, 28.240565026383873], [85.3584911116898, 28.24137029725873], [85.35756630197584, 28.241373201258185]]]}, "properties": {"depth_min_m": 2.5, "depth_max_m": 100.0}}, {"type": "Feature", "geometry": {"type": "Polygon", "coordinates": [[[85.35786901588617, 28.24003011508272], [85.35786568236823, 28.239224841612007], [85.35879046908984, 28.239221935169475], [85.358793811222, 28.24002720861869], [85.35786901588617, 28.24003011508272]]]}, "properties": {"depth_min_m": 2.5, "depth_max_m": 100.0}}, {"type": "Feature", "geometry": {"type": "Polygon", "coordinates": [[[85.35755297934837, 28.23815210837915], [85.35754964884663, 28.237346831286626], [85.3584744154897, 28.237343927394505], [85.3584777546053, 28.238149204465564], [85.35755297934837, 28.23815210837915]]]}, "properties": {"depth_min_m": 2.5, "depth_max_m": 100.0}}, {"type": "Feature", "geometry": {"type": "Polygon", "coordinates": [[[85.35847218944718, 28.236807075153052], [85.35846885043526, 28.236001795499647], [85.35939360266003, 28.235998884142486], [85.35939695028556, 28.236804163774355], [85.35847218944718, 28.236807075153052]]]}, "properties": {"depth_min_m": 2.5, "depth_max_m": 100.0}}, {"type": "Feature", "geometry": {"type": "Polygon", "coordinates": [[[85.35877375936289, 28.235195544684863], [85.35877041760426, 28.234390261939375], [85.35969515258158, 28.234387348125], [85.35969850295348, 28.235192630848953], [85.35877375936289, 28.235195544684863]]]}, "properties": {"depth_min_m": 2.5, "depth_max_m": 100.0}}, {"type": "Feature", "geometry": {"type": "Polygon", "coordinates": [[[85.3596918022721, 28.233582063851205], [85.35968845202504, 28.232776778027493], [85.36061316971387, 28.23277385675557], [85.36061652857389, 28.233579142557705], [85.3596918022721, 28.233582063851205]]]}, "properties": {"depth_min_m": 2.5, "depth_max_m": 100.0}}, {"type": "Feature", "geometry": {"type": "Polygon", "coordinates": [[[85.35999445588426, 28.232238947031423], [85.35999110287031, 28.231433658631385], [85.36091580618374, 28.231430734895287], [85.36091916781037, 28.23223602327371], [85.35999445588426, 28.232238947031423]]]}, "properties": {"depth_min_m": 2.5, "depth_max_m": 100.0}}, {"type": "Feature", "geometry": {"type": "Polygon", "coordinates": [[[85.36029598149273, 28.23062739494294], [85.36029262573292, 28.22982210344944], [85.36121731180063, 28.229819177256395], [85.3612206761728, 28.230624468728298], [85.36029598149273, 28.23062739494294]]]}, "properties": {"depth_min_m": 2.5, "depth_max_m": 100.0}}, {"type": "Feature", "geometry": {"type": "Polygon", "coordinates": [[[85.36059637635229, 28.228747404491436], [85.36059301786766, 28.227942109387033], [85.36151768381961, 28.22793918074435], [85.36152105091622, 28.22874447582712], [85.36059637635229, 28.228747404491436]]]}, "properties": {"depth_min_m": 2.5, "depth_max_m": 100.0}}, {"type": "Feature", "geometry": {"type": "Polygon", "coordinates": [[[85.3605896594456, 28.22713681273184], [85.36058630108607, 28.226331514525683], [85.36151094981454, 28.226328585926275], [85.36151431678572, 28.22713388411079], [85.3605896594456, 28.22713681273184]]]}, "properties": {"depth_min_m": 2.5, "depth_max_m": 100.0}}, {"type": "Feature", "geometry": {"type": "Polygon", "coordinates": [[[85.36089003579316, 28.22525680581454], [85.36088667470918, 28.22445150399628], [85.3618113033235, 28.224448572947338], [85.36181467301877, 28.22525387474395], [85.36089003579316, 28.22525680581454]]]}, "properties": {"depth_min_m": 2.5, "depth_max_m": 100.0}}, {"type": "Feature", "geometry": {"type": "Polygon", "coordinates": [[[85.36057510700616, 28.223647175969102], [85.3605717489177, 28.22284187104082], [85.3614963603308, 28.222838942535137], [85.36149972703024, 28.223644247441804], [85.36057510700616, 28.223647175969102]]]}, "properties": {"depth_min_m": 2.5, "depth_max_m": 100.0}}, {"type": "Feature", "geometry": {"type": "Polygon", "coordinates": [[[85.35933670256615, 28.22230889321512], [85.35933335606288, 28.221503585672018], [85.36025795320809, 28.221500667202164], [85.36026130832205, 28.22230597472373], [85.35933670256615, 28.22230889321512]]]}, "properties": {"depth_min_m": 2.5, "depth_max_m": 100.0}}, {"type": "Feature", "geometry": {"type": "Polygon", "coordinates": [[[85.35809833645862, 28.220970592722146], [85.35809500153982, 28.22016528256396], [85.35901958441728, 28.22016237412969], [85.35902292794653, 28.22096768426638], [85.35809833645862, 28.220970592722146]]]}, "properties": {"depth_min_m": 2.5, "depth_max_m": 100.0}}, {"type": "Feature", "geometry": {"type": "Polygon", "coordinates": [[[85.3568600086822, 28.219632274490035], [85.35685668534717, 28.218826961716548], [85.35778125395703, 28.21882406331759], [85.35778458590224, 28.219629376069687], [85.3568600086822, 28.219632274490035]]]}, "properties": {"depth_min_m": 2.5, "depth_max_m": 100.0}}, {"type": "Feature", "geometry": {"type": "Polygon", "coordinates": [[[85.35592990689311, 28.21829297655697], [85.35592659227115, 28.217487661175056], [85.35685114659297, 28.217484770311327], [85.35685446982484, 28.2182900856719], [85.35592990689311, 28.21829297655697]]]}, "properties": {"depth_min_m": 2.5, "depth_max_m": 100.0}}, {"type": "Feature", "geometry": {"type": "Polygon", "coordinates": [[[85.35469165101881, 28.216954626191406], [85.35468834797925, 28.216149308193657], [85.35561288803386, 28.216146427364773], [85.35561619968307, 28.216951745341266], [85.35469165101881, 28.216954626191406]]]}, "properties": {"depth_min_m": 2.5, "depth_max_m": 100.0}}, {"type": "Feature", "geometry": {"type": "Polygon", "coordinates": [[[85.35406869067029, 28.215345905015358], [85.3540653934933, 28.214540583898085], [85.35498991637013, 28.214537708111326], [85.35499322215644, 28.215343029207357], [85.35406869067029, 28.215345905015358]]]}, "properties": {"depth_min_m": 2.5, "depth_max_m": 100.0}}, {"type": "Feature", "geometry": {"type": "Polygon", "coordinates": [[[85.35437026780713, 28.213734303472673], [85.3543669678833, 28.212928979256603], [85.35529147352145, 28.212926101012563], [85.35529478205429, 28.213731425207385], [85.35437026780713, 28.213734303472673]]]}, "properties": {"depth_min_m": 2.5, "depth_max_m": 100.0}}, {"type": "Feature", "geometry": {"type": "Polygon", "coordinates": [[[85.35374733663389, 28.212125568136372], [85.3537440425721, 28.21132024079979], [85.35466853103372, 28.211317367597676], [85.3546718337042, 28.212122694913027], [85.35374733663389, 28.212125568136372]]]}, "properties": {"depth_min_m": 2.5, "depth_max_m": 100.0}}, {"type": "Feature", "geometry": {"type": "Polygon", "coordinates": [[[85.35374074857165, 28.210514911909815], [85.35373745463255, 28.209709581466388], [85.35466192587728, 28.20970670830667], [85.35466522842475, 28.210512038728915], [85.35374074857165, 28.210514911909815]]]}, "properties": {"depth_min_m": 2.5, "depth_max_m": 100.0}}, {"type": "Feature", "geometry": {"type": "Polygon", "coordinates": [[[85.3537341607548, 28.208904249469306], [85.35373086693836, 28.208098915918477], [85.35465532096687, 28.20809604280119], [85.35465862339132, 28.20890137633082], [85.3537341607548, 28.208904249469306]]]}, "properties": {"depth_min_m": 2.5, "depth_max_m": 100.0}}, {"type": "Feature", "geometry": {"type": "Polygon", "coordinates": [[[85.35434387013719, 28.20729166624961], [85.35434057070498, 28.20648632960505], [85.35526500747689, 28.20648345153101], [85.35526831551682, 28.207288788154326], [85.35434387013719, 28.20729166624961]]]}, "properties": {"depth_min_m": 2.5, "depth_max_m": 100.0}}, {"type": "Feature", "geometry": {"type": "Polygon", "coordinates": [[[85.35402912859908, 28.20568194909094], [85.35402583215888, 28.20487660933097], [85.35495025173634, 28.20487373379896], [85.35495355678394, 28.205679073537716], [85.35402912859908, 28.20568194909094]]]}, "properties": {"depth_min_m": 2.5, "depth_max_m": 100.0}}, {"type": "Feature", "geometry": {"type": "Polygon", "coordinates": [[[85.35309922066553, 28.20434258331333], [85.35309593293478, 28.203537240941497], [85.35402033822831, 28.203534372943466], [85.35402363456619, 28.204339715294118], [85.35309922066553, 28.20434258331333]]]}, "properties": {"depth_min_m": 2.5, "depth_max_m": 100.0}}, {"type": "Feature", "geometry": {"type": "Polygon", "coordinates": [[[85.35247638077352, 28.20273380483383], [85.35247309890309, 28.201928459338642], [85.35339748702366, 28.20192559638192], [85.35340077750091, 28.20273094185598], [85.35247638077352, 28.20273380483383]]]}, "properties": {"depth_min_m": 2.5, "depth_max_m": 100.0}}, {"type": "Feature", "geometry": {"type": "Polygon", "coordinates": [[[85.35216169057554, 28.20112406493419], [85.35215841169618, 28.200318716322215], [85.35308278262399, 28.200315855907206], [85.35308607010985, 28.20112120449809], [85.35216169057554, 28.20112406493419]]]}, "properties": {"depth_min_m": 2.5, "depth_max_m": 100.0}}, {"type": "Feature", "geometry": {"type": "Polygon", "coordinates": [[[85.35184701209046, 28.199514317953515], [85.35184373620193, 28.198708966224256], [85.35276808993758, 28.198706108350905], [85.3527713744323, 28.199511460059064], [85.35184701209046, 28.199514317953515]]]}, "properties": {"depth_min_m": 2.5, "depth_max_m": 100.0}}, {"type": "Feature", "geometry": {"type": "Polygon", "coordinates": [[[85.35122532027736, 28.198173965281228], [85.35122205022776, 28.197368610945666], [85.35214638966083, 28.197365758106226], [85.35214966831634, 28.198171112420724], [85.35122532027736, 28.198173965281228]]]}, "properties": {"depth_min_m": 2.5, "depth_max_m": 100.0}}, {"type": "Feature", "geometry": {"type": "Polygon", "coordinates": [[[85.34998742520597, 28.196835499294576], [85.34998416673206, 28.196030142338433], [85.35090849190345, 28.196027299531526], [85.35091175898302, 28.196832656466675], [85.34998742520597, 28.196835499294576]]]}, "properties": {"depth_min_m": 2.5, "depth_max_m": 100.0}}, {"type": "Feature", "geometry": {"type": "Polygon", "coordinates": [[[85.34967280278333, 28.19522572975565], [85.3496695472992, 28.194420369680962], [85.35059385528004, 28.19441752941532], [85.3505971193695, 28.19522288946906], [85.34967280278333, 28.19522572975565]]]}, "properties": {"depth_min_m": 2.5, "depth_max_m": 100.0}}, {"type": "Feature", "geometry": {"type": "Polygon", "coordinates": [[[85.34874307470547, 28.193886294853808], [85.34873982792743, 28.19308093216485], [85.34966412162701, 28.193078099432004], [85.34966737701012, 28.193883462100075], [85.34874307470547, 28.193886294853808]]]}, "properties": {"depth_min_m": 2.5, "depth_max_m": 100.0}}, {"type": "Feature", "geometry": {"type": "Polygon", "coordinates": [[[85.34842848616482, 28.19227651049084], [85.34842524237591, 28.191471144682435], [85.34934951888604, 28.191468314490645], [85.34935277127968, 28.19227368027817], [85.34842848616482, 28.19227651049084]]]}, "properties": {"depth_min_m": 2.5, "depth_max_m": 100.0}}, {"type": "Feature", "geometry": {"type": "Polygon", "coordinates": [[[85.34718964134612, 28.190669539215705], [85.34718640915057, 28.189864170266556], [85.34811066853217, 28.18986135011341], [85.34811390933214, 28.190666719041733], [85.34718964134612, 28.190669539215705]]]}, "properties": {"depth_min_m": 2.5, "depth_max_m": 100.0}}, {"type": "Feature", "geometry": {"type": "Polygon", "coordinates": [[[85.34626107519175, 28.18959852625284], [85.34625785168065, 28.18879315520737], [85.34718209965013, 28.188790342579523], [85.34718533176543, 28.18959571360426], [85.34626107519175, 28.18959852625284]]]}, "properties": {"depth_min_m": 2.5, "depth_max_m": 100.0}}, {"type": "Feature", "geometry": {"type": "Polygon", "coordinates": [[[85.34533038880413, 28.187990587714587], [85.34532717401696, 28.187185213534594], [85.34625140483851, 28.187182408445725], [85.34625462822956, 28.187987782605017], [85.34533038880413, 28.187990587714587]]]}, "properties": {"depth_min_m": 2.5, "depth_max_m": 100.0}}]}