{
"type": "FeatureCollection",
"name": "lake_polygons",
"crs": { "type": "name", "properties": { "name": "urn:ogc:def:crs:OGC:1.3:CRS84" } },
"features": [
{ "type": "Feature", "properties": { "GL_ID": "GL085396E28029N", "Area": 0.0216584937534, "Elevation": 4254, "Type": "E(o)", "Country": "Nepal" }, "geometry": { "type": "Polygon", "coordinates": [ [ [ 85.397262456465739, 28.029761625796031 ], [ 85.397304897697609, 28.029761445960279 ], [ 85.397356099498609, 28.029763055918181 ], [ 85.397441778377527, 28.029767680265479 ], [ 85.397567558288642, 28.029775524139438 ], [ 85.397665568760544, 28.029781497254593 ], [ 85.397704527718759, 28.02978301418074 ], [ 85.397725928170473, 28.029749449126715 ], [ 85.397759197780147, 28.029659081673117 ], [ 85.397791581445858, 28.0295569532746 ], [ 85.397808717221665, 28.029493779552357 ], [ 85.397814559936592, 28.029443664550737 ], [ 85.397816037158691, 28.029361312632776 ], [ 85.397806773283151, 28.029252847165594 ], [ 85.397769598669015, 28.029136621903433 ], [ 85.3977042217644, 28.029025447612014 ], [ 85.397613147813502, 28.028966923927783 ], [ 85.397500725570978, 28.028959274291985 ], [ 85.397393016815272, 28.028959274291989 ], [ 85.397294241457644, 28.028959274291992 ], [ 85.397200058917633, 28.028959274291996 ], [ 85.397109840548865, 28.028959249379678 ], [ 85.397036917161017, 28.028958619954611 ], [ 85.39698587534383, 28.028957503961124 ], [ 85.396873413786579, 28.028985725325015 ], [ 85.396646499633903, 28.029062271118164 ], [ 85.396396052691387, 28.029164456348045 ], [ 85.396205799336315, 28.029262402592959 ], [ 85.396078685838461, 28.029342360593891 ], [ 85.396019340048099, 28.029382733714897 ], [ 85.396002273170438, 28.029411481351364 ], [ 85.395966627160021, 28.029495837153146 ], [ 85.395917339325024, 28.029626159667881 ], [ 85.395881693314607, 28.029757182841532 ], [ 85.395861255490047, 28.029881664976752 ], [ 85.395850940626588, 28.029981807786672 ], [ 85.395850872507026, 28.030060807442222 ], [ 85.395869819485426, 28.030175658245586 ], [ 85.395909740681532, 28.030336051863063 ], [ 85.395966491699312, 28.030457916259877 ], [ 85.396038610108121, 28.030510104432377 ], [ 85.396131957696468, 28.030530451560477 ], [ 85.396249879331037, 28.03054060566188 ], [ 85.396378461876736, 28.03051812619578 ], [ 85.396505348828327, 28.030443083315557 ], [ 85.396621431623259, 28.03035366291914 ], [ 85.396713867187543, 28.030303707122865 ], [ 85.396780985618193, 28.030283598607983 ], [ 85.396819393391524, 28.030271845058561 ], [ 85.396835758442876, 28.030263388497417 ], [ 85.396852123494057, 28.030244146074661 ], [ 85.396869805783638, 28.030214674034934 ], [ 85.396886903023358, 28.030183215627854 ], [ 85.396903076171839, 28.030150985717913 ], [ 85.39691769424752, 28.030118615286771 ], [ 85.396930655654728, 28.030086361632076 ], [ 85.396942563348944, 28.030056033621065 ], [ 85.396953679298861, 28.030028094856167 ], [ 85.396966203572788, 28.029996495149646 ], [ 85.396981260338748, 28.029958145764457 ], [ 85.396995544433707, 28.029922962188781 ], [ 85.397006437340565, 28.029898799974152 ], [ 85.397019924241761, 28.029876681347382 ], [ 85.39704355979444, 28.029845274321978 ], [ 85.397074247477065, 28.029811351931929 ], [ 85.397105937101514, 28.029788114586726 ], [ 85.39713765085969, 28.029774663107844 ], [ 85.397166976928759, 28.029767379760756 ], [ 85.39719488377483, 28.029765047345961 ], [ 85.397226419254309, 28.029763248988612 ], [ 85.397262456465739, 28.029761625796031 ] ] ] } },
{ "type": "Feature", "properties": { "GL_ID": "GL085397E28038N", "Area": 0.026762893513, "Elevation": 4412, "Type": "E(o)", "Country": "Nepal" }, "geometry": { "type": "Polygon", "coordinates": [ [ [ 85.398030446370456, 28.037572530110648 ], [ 85.397955856323279, 28.037569503784258 ], [ 85.397883817884747, 28.03757398817277 ], [ 85.397817950778517, 28.037588051690022 ], [ 85.397760391235408, 28.037612915039112 ], [ 85.397700339423352, 28.037646085951163 ], [ 85.397626995510564, 28.03768507215705 ], [ 85.397549514770503, 28.037733230590963 ], [ 85.397483410305483, 28.037796249389661 ], [ 85.397430631849602, 28.037872526380799 ], [ 85.397395858764696, 28.037957382202137 ], [ 85.397376649644741, 28.038050138685545 ], [ 85.3973606279161, 28.038148939344751 ], [ 85.397344589233512, 28.038252716064395 ], [ 85.397314919365897, 28.03835466172967 ], [ 85.397269041273262, 28.038453182644446 ], [ 85.397213973999158, 28.038546524047888 ], [ 85.39715255737309, 28.038634067111676 ], [ 85.397102890014651, 28.038716846042231 ], [ 85.397075653076286, 28.038795471191463 ], [ 85.397062954372871, 28.03887077331547 ], [ 85.397056901719907, 28.038943583170692 ], [ 85.397064514160149, 28.039023666381862 ], [ 85.397097685072254, 28.039127570258305 ], [ 85.397150039672908, 28.039243062337338 ], [ 85.397203445434627, 28.0393356323242 ], [ 85.397255766126762, 28.039408026801258 ], [ 85.397302051120391, 28.039481904771659 ], [ 85.397344741821314, 28.039558944702211 ], [ 85.397408591376461, 28.039631101820188 ], [ 85.397497227986719, 28.039695460001727 ], [ 85.397579650879038, 28.039732131958036 ], [ 85.397645085652755, 28.039734039306783 ], [ 85.39772145589194, 28.039708938598778 ], [ 85.397825241088924, 28.03966140747076 ], [ 85.397931103176518, 28.039601414998462 ], [ 85.398013704088044, 28.039538930257152 ], [ 85.398084335327212, 28.039471817016697 ], [ 85.398162129720049, 28.039396455552943 ], [ 85.398240619235708, 28.039317872789187 ], [ 85.398301086425704, 28.039250106811668 ], [ 85.398348007202173, 28.039189224243156 ], [ 85.398406753540087, 28.039113566080744 ], [ 85.398478012085093, 28.039020767211923 ], [ 85.398541980319521, 28.038913302951471 ], [ 85.398594182332374, 28.038793614705476 ], [ 85.398632278442449, 28.038694458007914 ], [ 85.398655437893353, 28.038626463148379 ], [ 85.398664694892091, 28.038514133029654 ], [ 85.398660659790039, 28.038312911987305 ], [ 85.398644994099982, 28.038104629516571 ], [ 85.398619359334361, 28.037971115112441 ], [ 85.39858070373532, 28.037891616821295 ], [ 85.398523856269037, 28.037830971611921 ], [ 85.398452970716676, 28.037783092922609 ], [ 85.39837974548351, 28.037732772827155 ], [ 85.398306079440601, 28.03768129984536 ], [ 85.398237542046559, 28.037638575236091 ], [ 85.398173675537123, 28.037605895996141 ], [ 85.398105197482778, 28.037583880954461 ], [ 85.398030446370456, 28.037572530110648 ] ] ] } },
{ "type": "Feature", "properties": { "GL_ID": "GL085397E28040N", "Area": 0.0049873733549499998, "Elevation": 4419, "Type": "E(o)", "Country": "Nepal" }, "geometry": { "type": "Polygon", "coordinates": [ [ [ 85.397382736206055, 28.040292739868161 ], [ 85.397207192415351, 28.040283615067157 ], [ 85.397080810817727, 28.040294974513358 ], [ 85.397000411558565, 28.040326679952162 ], [ 85.396954508222848, 28.040378231973989 ], [ 85.39694150382951, 28.040448493506066 ], [ 85.396950907961241, 28.040516960550352 ], [ 85.396978747915227, 28.040575868279348 ], [ 85.397036027626314, 28.040635374170794 ], [ 85.397138262641647, 28.040709800268754 ], [ 85.397272358279338, 28.040791528464755 ], [ 85.397371924135143, 28.040841745907013 ], [ 85.397429370315933, 28.040855746297549 ], [ 85.397506713867244, 28.040859222412227 ], [ 85.397635950844801, 28.040865429759776 ], [ 85.397780742871021, 28.040861569918093 ], [ 85.397870656301279, 28.040822836069086 ], [ 85.397908270006326, 28.040754098158747 ], [ 85.397925247102137, 28.040695190429748 ], [ 85.397927927547698, 28.040653821279363 ], [ 85.397922278861415, 28.040599755281619 ], [ 85.397912533325609, 28.040511548871962 ], [ 85.397888398029409, 28.040409787872193 ], [ 85.397822693254966, 28.040348831718457 ], [ 85.397714332716134, 28.0403283700436 ], [ 85.397567311687681, 28.04031294478466 ], [ 85.397382736206055, 28.040292739868161 ] ] ] } },
{ "type": "Feature", "properties": { "GL_ID": "GL085398E28044N", "Area": 0.010448549884400001, "Elevation": 4303, "Type": "E(o)", "Country": "Nepal" }, "geometry": { "type": "Polygon", "coordinates": [ [ [ 85.398572497897703, 28.044344278029484 ], [ 85.398386001587028, 28.044340133667102 ], [ 85.398188579229611, 28.04436160899974 ], [ 85.398043903303801, 28.044426034998139 ], [ 85.39794879489483, 28.044530020819881 ], [ 85.397895483323168, 28.044665277740197 ], [ 85.397877587212406, 28.04482521245512 ], [ 85.397858937581418, 28.04497252570258 ], [ 85.397834142049248, 28.045100506441091 ], [ 85.397817187839109, 28.045198275719144 ], [ 85.397813796997184, 28.045261383056584 ], [ 85.397817187839109, 28.045316201669205 ], [ 85.397820578681205, 28.045389104772486 ], [ 85.397832022772945, 28.045467800564211 ], [ 85.397871205836282, 28.045522242416663 ], [ 85.397940058767119, 28.045551064573772 ], [ 85.398044798109311, 28.045554267035531 ], [ 85.398183869726779, 28.04553276815534 ], [ 85.398300288635994, 28.04550677169988 ], [ 85.398370742797965, 28.045484542846793 ], [ 85.398409925861131, 28.045456662590144 ], [ 85.398432531474555, 28.045413711924713 ], [ 85.398446612887881, 28.045349333021424 ], [ 85.398471855822947, 28.045247984521151 ], [ 85.398514335538152, 28.045116777773334 ], [ 85.398605134752131, 28.045002619425471 ], [ 85.398746302098402, 28.044912385351896 ], [ 85.398868937551299, 28.044825353740286 ], [ 85.398944854736385, 28.044733047485401 ], [ 85.398984226179721, 28.044642248271376 ], [ 85.398997224407481, 28.044559737782432 ], [ 85.398980882432795, 28.044488694932799 ], [ 85.398927947621189, 28.044436890402043 ], [ 85.398843930091402, 28.044402981981932 ], [ 85.398763868543938, 28.044376797146299 ], [ 85.398691177368221, 28.044356711116961 ], [ 85.398572497897703, 28.044344278029484 ] ] ] } },
{ "type": "Feature", "properties": { "GL_ID": "GL085395E28049N", "Area": 0.084934829488400004, "Elevation": 4248, "Type": "E(o)", "Country": "Nepal" }, "geometry": { "type": "Polygon", "coordinates": [ [ [ 85.396498406198248, 28.047125316725896 ], [ 85.396436161465147, 28.047116544511656 ], [ 85.396376638412505, 28.047135519981399 ], [ 85.396327387491851, 28.047184397379684 ], [ 85.396247874895664, 28.047239480018732 ], [ 85.39612398147591, 28.047291736602858 ], [ 85.395988848474417, 28.047336432668942 ], [ 85.395858442518488, 28.04737208896211 ], [ 85.395750412941027, 28.047448344230702 ], [ 85.395675008561966, 28.047594973246305 ], [ 85.395549770461173, 28.047805439631247 ], [ 85.395311355590934, 28.048074722289986 ], [ 85.395073063638506, 28.048348460727251 ], [ 85.39494081921049, 28.048572294447187 ], [ 85.394874067306603, 28.048745450973623 ], [ 85.394820014105903, 28.048866924709788 ], [ 85.394768502977229, 28.048953599399969 ], [ 85.394702987670939, 28.049033603668189 ], [ 85.394625736342618, 28.049105407926731 ], [ 85.394542075263132, 28.049164869520435 ], [ 85.394453811645576, 28.049216527938764 ], [ 85.394365310669059, 28.049272855122979 ], [ 85.394280634986046, 28.049334911770419 ], [ 85.394212722778263, 28.049403991699194 ], [ 85.394158040152718, 28.04947775099015 ], [ 85.394096734788775, 28.049545601738824 ], [ 85.394028544426078, 28.049607157707332 ], [ 85.393964826795809, 28.049667095608186 ], [ 85.393905108769729, 28.049726321432448 ], [ 85.393832740783807, 28.049786167144816 ], [ 85.393746703995589, 28.049848057958908 ], [ 85.393671247694328, 28.049923790825797 ], [ 85.393612079620482, 28.050015468597511 ], [ 85.393559655083607, 28.05010845608189 ], [ 85.393510924975146, 28.050198242399464 ], [ 85.393468933105567, 28.050293350219761 ], [ 85.393435094091672, 28.050397343105658 ], [ 85.393415135277678, 28.05050907558871 ], [ 85.393412017822243, 28.050627903938334 ], [ 85.393415705362997, 28.050750130547442 ], [ 85.39341939184402, 28.050873230298471 ], [ 85.393422126770076, 28.050981044769404 ], [ 85.393423079384775, 28.051059451103246 ], [ 85.393404388427712, 28.051125479804167 ], [ 85.393345618248077, 28.051198616027822 ], [ 85.39327324973226, 28.051274583604599 ], [ 85.393226371871208, 28.051347043779177 ], [ 85.393193435668991, 28.051423873901513 ], [ 85.393152104483761, 28.051519965065896 ], [ 85.393112375471333, 28.051620532141783 ], [ 85.393099207878095, 28.051689658164889 ], [ 85.393108367920036, 28.051738527086119 ], [ 85.393123947779429, 28.051805317666769 ], [ 85.393142471313581, 28.05188470840454 ], [ 85.393154763115831, 28.051946551534972 ], [ 85.393163994683164, 28.051991153293329 ], [ 85.393190145492667, 28.052034497261047 ], [ 85.393236420949393, 28.052077070871977 ], [ 85.393306161562691, 28.052108184496547 ], [ 85.393396530151392, 28.052126312255954 ], [ 85.393477748235171, 28.052134762870029 ], [ 85.393543190426215, 28.052133401234926 ], [ 85.393596091270467, 28.052111229896578 ], [ 85.393638051350877, 28.052065370347865 ], [ 85.393680919011558, 28.052002682156175 ], [ 85.393729629516713, 28.051924953460684 ], [ 85.393799569871703, 28.051807920138117 ], [ 85.393897425333762, 28.051641286214196 ], [ 85.393984036445659, 28.051502819061287 ], [ 85.394036032358827, 28.051438967386904 ], [ 85.394086597760634, 28.051392412185802 ], [ 85.394161224365291, 28.05131912231457 ], [ 85.394243871370975, 28.051244941287564 ], [ 85.394318497975576, 28.051195712619457 ], [ 85.394395146369902, 28.051152896881153 ], [ 85.394486889309348, 28.051092359754879 ], [ 85.394590801662901, 28.051018966568957 ], [ 85.394701919555757, 28.050940990448112 ], [ 85.394814561208022, 28.050868087874566 ], [ 85.394916890462241, 28.050820380316793 ], [ 85.39500875949858, 28.050790338516322 ], [ 85.395090791914242, 28.050756136576357 ], [ 85.395168950822608, 28.050711806085417 ], [ 85.395263290405296, 28.050641174316347 ], [ 85.395368409686569, 28.050550572607285 ], [ 85.395453868442189, 28.050473088158583 ], [ 85.395519733428898, 28.050409913063049 ], [ 85.395586047702466, 28.050346349080485 ], [ 85.395655210282996, 28.050281275643218 ], [ 85.395721893310622, 28.050223350524963 ], [ 85.395786422093693, 28.050173375341732 ], [ 85.395863215128543, 28.05012151930066 ], [ 85.395954332351664, 28.050066022872901 ], [ 85.396034321255115, 28.050018975999709 ], [ 85.396096703741364, 28.049982328414959 ], [ 85.396188354492324, 28.049907379150401 ], [ 85.3963275353114, 28.049774924914008 ], [ 85.396450099945184, 28.049641666412359 ], [ 85.396522111892693, 28.049537711143614 ], [ 85.396570510864308, 28.049451438056106 ], [ 85.396613567670215, 28.049374961853115 ], [ 85.396655559539795, 28.049303054809631 ], [ 85.39670022487644, 28.049231147766083 ], [ 85.396752548217819, 28.049140548706134 ], [ 85.396818232536248, 28.049009871482951 ], [ 85.396875436571008, 28.048845897250711 ], [ 85.396891938315548, 28.048658662372251 ], [ 85.396880874633837, 28.048448867797848 ], [ 85.396867445839916, 28.048217658996581 ], [ 85.396839413113014, 28.047983782026506 ], [ 85.396766338348471, 28.047791676521342 ], [ 85.39666684468591, 28.047642601860961 ], [ 85.396600745519095, 28.047534649107213 ], [ 85.396567268371598, 28.04745876312262 ], [ 85.396548062430611, 28.047380863825474 ], [ 85.396539976332065, 28.04730263604068 ], [ 85.396536350250244, 28.047248721122802 ], [ 85.396535769568573, 28.047218485938117 ], [ 85.396534893777755, 28.047186542616881 ], [ 85.396530380249033, 28.047150192260741 ], [ 85.396498406198248, 28.047125316725896 ] ] ] } },
{ "type": "Feature", "properties": { "GL_ID": "GL085397E28053N", "Area": 0.061130461882100001, "Elevation": 4354, "Type": "E(o)", "Country": "Nepal" }, "geometry": { "type": "Polygon", "coordinates": [ [ [ 85.398811435699486, 28.05206890106211 ], [ 85.398684483766601, 28.052064144611386 ], [ 85.398490428924561, 28.052071213722169 ], [ 85.398308596611116, 28.052107521295685 ], [ 85.398150634765727, 28.052173385620172 ], [ 85.39801462292678, 28.052249602079431 ], [ 85.397900042533934, 28.05233154296889 ], [ 85.397805660963115, 28.052414894104114 ], [ 85.397730770111195, 28.052498073577912 ], [ 85.397666195631018, 28.052575920820349 ], [ 85.397607569694571, 28.052646098136954 ], [ 85.397546709776066, 28.052716788053601 ], [ 85.397478103637695, 28.052793502807617 ], [ 85.397405194044097, 28.052868926525203 ], [ 85.397331423759454, 28.05293574333189 ], [ 85.397257137298595, 28.052988440990532 ], [ 85.397182846069427, 28.053018836975131 ], [ 85.397109627723694, 28.053037583828086 ], [ 85.397039775848498, 28.053067617416499 ], [ 85.396972359418896, 28.053110909462017 ], [ 85.39690429687505, 28.053171157837028 ], [ 85.396838979721053, 28.053248043060361 ], [ 85.396792411804256, 28.053339004516662 ], [ 85.396765534877773, 28.053441805839665 ], [ 85.396751899719334, 28.053543548584059 ], [ 85.396749554872542, 28.053642666340004 ], [ 85.396750302314842, 28.053747987747268 ], [ 85.396750688552913, 28.053860485553859 ], [ 85.396726226806663, 28.053951492309579 ], [ 85.396667755842259, 28.05401032924652 ], [ 85.396596522331208, 28.054064235687232 ], [ 85.396524397134726, 28.05412847638144 ], [ 85.396439075469971, 28.054205417633057 ], [ 85.396330515146246, 28.05429699063308 ], [ 85.396228456497226, 28.054417099952733 ], [ 85.396169340610641, 28.054582782983918 ], [ 85.396146850585865, 28.05477424621585 ], [ 85.396149545908088, 28.054956078529305 ], [ 85.396166687011714, 28.055118002891614 ], [ 85.396171398162835, 28.055235532522261 ], [ 85.396168861389185, 28.055314140319869 ], [ 85.396183040142148, 28.055378420353065 ], [ 85.396218419074955, 28.055428624153134 ], [ 85.39628725171093, 28.0554537880422 ], [ 85.396385421752996, 28.055453796386814 ], [ 85.396462997198228, 28.055441452264859 ], [ 85.396511387825058, 28.055419554710511 ], [ 85.396568804979438, 28.055386871099472 ], [ 85.396648750305189, 28.055343093872128 ], [ 85.396781613826761, 28.055291090011671 ], [ 85.396981482505907, 28.055231714248752 ], [ 85.397234548330403, 28.055112802982311 ], [ 85.397531509399471, 28.054899215698239 ], [ 85.397802468538316, 28.054680283069619 ], [ 85.397984776496912, 28.054552583694434 ], [ 85.398108406066967, 28.054478909969362 ], [ 85.398217849731566, 28.054404029846296 ], [ 85.398312717676163, 28.054327964782711 ], [ 85.398391289711128, 28.054251861572197 ], [ 85.398465394973812, 28.054178981780975 ], [ 85.398571395874001, 28.054119186401469 ], [ 85.398701006174065, 28.054064651727803 ], [ 85.398806214332694, 28.053977608680725 ], [ 85.398883132934657, 28.053847279548677 ], [ 85.398944015502991, 28.053631744384745 ], [ 85.398992528915471, 28.053337273597776 ], [ 85.399043807983389, 28.053115215301602 ], [ 85.399101674556789, 28.053002893924717 ], [ 85.399160156250048, 28.052922668457029 ], [ 85.399216573238505, 28.052843981981361 ], [ 85.399253492355342, 28.052757573127799 ], [ 85.399261181354632, 28.052658284902691 ], [ 85.399252891540641, 28.052558422088619 ], [ 85.399239437580206, 28.052468026876458 ], [ 85.399211163520818, 28.052385940551854 ], [ 85.399156237840657, 28.052310743332047 ], [ 85.399081649780328, 28.052241210937606 ], [ 85.398999929428214, 28.052175164222831 ], [ 85.398919968605185, 28.052117934227006 ], [ 85.398863865137173, 28.052083257436834 ], [ 85.398811435699486, 28.05206890106211 ] ] ] } },
{ "type": "Feature", "properties": { "GL_ID": "GL085393E28059N", "Area": 0.0077864968304099998, "Elevation": 4340, "Type": "E(o)", "Country": "Nepal" }, "geometry": { "type": "Polygon", "coordinates": [ [ [ 85.393852658271896, 28.058694324493501 ], [ 85.393766174316454, 28.058691711425862 ], [ 85.39364729881288, 28.058712954521294 ], [ 85.393507137298627, 28.058757972717217 ], [ 85.393381953239441, 28.058826208114684 ], [ 85.393275222778357, 28.05891319274911 ], [ 85.393192138671964, 28.058985462188787 ], [ 85.393133487701505, 28.059037685394287 ], [ 85.393091473579375, 28.059113001823448 ], [ 85.393062591552848, 28.059230804443359 ], [ 85.39304182052615, 28.059370622634894 ], [ 85.393024139404361, 28.05951198577884 ], [ 85.393010249138001, 28.059640874862794 ], [ 85.393001708984343, 28.059726104736402 ], [ 85.392997980117855, 28.059775114059395 ], [ 85.392996177673467, 28.059829444885278 ], [ 85.392996864318832, 28.059892530441292 ], [ 85.393012313842803, 28.059937591552739 ], [ 85.393046193122814, 28.059956474304272 ], [ 85.393087863922062, 28.059957504272575 ], [ 85.393130307197623, 28.05994617462159 ], [ 85.393173522949326, 28.059925842285228 ], [ 85.39321751117717, 28.059901595115608 ], [ 85.393269138336223, 28.059866619110043 ], [ 85.393350720405692, 28.0597985982896 ], [ 85.393456039428713, 28.059702529907213 ], [ 85.393525090217622, 28.059629187584054 ], [ 85.393548278808566, 28.059586639404358 ], [ 85.393602008819585, 28.059508876800521 ], [ 85.393720626831168, 28.059366226196293 ], [ 85.39383581161502, 28.059212760925387 ], [ 85.393886108398476, 28.059102554321388 ], [ 85.393895115852445, 28.059029297828772 ], [ 85.39391532897946, 28.058978958129952 ], [ 85.393944621086121, 28.058944821357777 ], [ 85.39396337509163, 28.058896884918283 ], [ 85.393969125747731, 28.058833069801324 ], [ 85.393963546753071, 28.058777923583985 ], [ 85.393947072029221, 28.058738956451524 ], [ 85.393911838531494, 28.058712005615291 ], [ 85.393852658271896, 28.058694324493501 ] ] ] } },
{ "type": "Feature", "properties": { "GL_ID": "GL085406E28061N", "Area": 0.0081416178388000002, "Elevation": 4486, "Type": "M(o)", "Country": "Nepal" }, "geometry": { "type": "Polygon", "coordinates": [ [ [ 85.406692490033265, 28.060650450960683 ], [ 85.40663197791298, 28.060649238243286 ], [ 85.406555933110894, 28.060651277588367 ], [ 85.406466315774367, 28.06069038153527 ], [ 85.406364076277896, 28.060782944042444 ], [ 85.406272498794124, 28.060896302589526 ], [ 85.406221638913905, 28.060988295862106 ], [ 85.406202705673707, 28.061064037072189 ], [ 85.406186742353611, 28.061140685758001 ], [ 85.406171818505527, 28.061219621282248 ], [ 85.40616068130555, 28.061301393079923 ], [ 85.406154071583501, 28.061386101798686 ], [ 85.406157016754207, 28.06147146224987 ], [ 85.406172584084914, 28.06155608022101 ], [ 85.406202167788251, 28.061629638539891 ], [ 85.406248053052536, 28.061675226812273 ], [ 85.406310139230527, 28.061697011175514 ], [ 85.406387876886811, 28.061713122991584 ], [ 85.406479102930064, 28.061724697429899 ], [ 85.406556469346469, 28.061721009779149 ], [ 85.406611642210578, 28.061698763428296 ], [ 85.406665076021568, 28.061658793254818 ], [ 85.406732616952638, 28.061601746041102 ], [ 85.406805711634092, 28.061534036814582 ], [ 85.406866718741014, 28.061468896568837 ], [ 85.406915842868159, 28.061407993409034 ], [ 85.40695697626029, 28.061357999755561 ], [ 85.406990975244753, 28.061316216280709 ], [ 85.407023520618225, 28.061210858368263 ], [ 85.407056808471793, 28.061014175415156 ], [ 85.407048863935756, 28.06081712122193 ], [ 85.406964443959112, 28.060710649589339 ], [ 85.406835691326762, 28.060674396765648 ], [ 85.406745752248867, 28.060655686269563 ], [ 85.406692490033265, 28.060650450960683 ] ] ] } },
{ "type": "Feature", "properties": { "GL_ID": "GL085389E28060N", "Area": 0.165819464478, "Elevation": 4176, "Type": "M(e)", "Country": "Nepal" }, "geometry": { "type": "Polygon", "coordinates": [ [ [ 85.390277449159157, 28.056450952391341 ], [ 85.390200205464112, 28.056446564704512 ], [ 85.390102810329893, 28.056466208564018 ], [ 85.390033185563823, 28.056484031415664 ], [ 85.389988317084033, 28.056499321601333 ], [ 85.389944100085643, 28.056515988008588 ], [ 85.389898370813512, 28.0565351923143 ], [ 85.389852453161268, 28.056560906199707 ], [ 85.389807100649307, 28.056596897266552 ], [ 85.389766284958398, 28.056665671705844 ], [ 85.389728158916853, 28.056767598428223 ], [ 85.389666663275932, 28.056862937079476 ], [ 85.389574848902384, 28.05694205934293 ], [ 85.389448932496009, 28.057013792919694 ], [ 85.389289290816805, 28.0570805632039 ], [ 85.389137864603526, 28.057128589666885 ], [ 85.389012905795937, 28.057152461613274 ], [ 85.388911070647112, 28.057184501930521 ], [ 85.388830462273972, 28.057242967791463 ], [ 85.388771585639915, 28.057307660661536 ], [ 85.388734817504883, 28.057363510131839 ], [ 85.38871396748948, 28.057441025931499 ], [ 85.388702845213743, 28.057570717789474 ], [ 85.388699943636652, 28.057716039963847 ], [ 85.388703242905081, 28.057828011009235 ], [ 85.388714948635879, 28.057924738963781 ], [ 85.388738961867432, 28.058038546715299 ], [ 85.38876724504803, 28.058158529148159 ], [ 85.388781224422132, 28.058258323512579 ], [ 85.388784620497006, 28.058348125881651 ], [ 85.388790674824577, 28.058461355410884 ], [ 85.388798759470944, 28.058586332533029 ], [ 85.388803011105324, 28.058668984307186 ], [ 85.388802969243216, 28.058714907192211 ], [ 85.388799295831063, 28.05878102861152 ], [ 85.388779557781447, 28.058880535172868 ], [ 85.38865571617265, 28.05904917200235 ], [ 85.388423213252281, 28.05929556272315 ], [ 85.388206481933707, 28.059636645847039 ], [ 85.388038091044734, 28.060063839612951 ], [ 85.387926868286968, 28.06038230404107 ], [ 85.387874132321315, 28.060534088699914 ], [ 85.387837942408737, 28.060710922680755 ], [ 85.387800318714028, 28.060993872225254 ], [ 85.387779094554674, 28.061241385377457 ], [ 85.387784282857126, 28.061374635526366 ], [ 85.387793160269837, 28.061699630465228 ], [ 85.387788772583008, 28.062444686889766 ], [ 85.387774657156683, 28.063306476190125 ], [ 85.387754351350395, 28.063981669756974 ], [ 85.387734260088223, 28.064471397870872 ], [ 85.387722967746981, 28.064777175422027 ], [ 85.387718619306042, 28.064951563077674 ], [ 85.387717871018424, 28.065087071171433 ], [ 85.387726939427694, 28.065189361572319 ], [ 85.387760204215795, 28.065267421581098 ], [ 85.387808057997006, 28.065320968628043 ], [ 85.387840234366649, 28.065348111062516 ], [ 85.387864101080254, 28.065353411869403 ], [ 85.387916141086123, 28.065355112523267 ], [ 85.387993991783787, 28.065353890668977 ], [ 85.388066541674334, 28.065343788785356 ], [ 85.388129552205498, 28.065323017261672 ], [ 85.38818434727051, 28.065284956629856 ], [ 85.388230659997703, 28.065229829283282 ], [ 85.388263278537352, 28.06517261928991 ], [ 85.388282035440454, 28.065116759353888 ], [ 85.388304586109655, 28.065055943974475 ], [ 85.388336487758295, 28.064987677115084 ], [ 85.388368153931992, 28.064902372321114 ], [ 85.388396685669647, 28.06479581197107 ], [ 85.388490629784883, 28.064666324191652 ], [ 85.388688517859691, 28.064512959233017 ], [ 85.38891157561045, 28.064335717095272 ], [ 85.389101028442383, 28.064134597778324 ], [ 85.389244053426069, 28.063910485622266 ], [ 85.389327827631575, 28.063664264966864 ], [ 85.389375710192951, 28.063441900559436 ], [ 85.389419008838502, 28.063304997929606 ], [ 85.389466116948483, 28.063207021956654 ], [ 85.389531524093059, 28.063065493548496 ], [ 85.389618903684607, 28.062860025790485 ], [ 85.389736044717665, 28.062547479637431 ], [ 85.389863755967951, 28.062125947740356 ], [ 85.389944026826697, 28.061594799549372 ], [ 85.389988076376142, 28.061020972797397 ], [ 85.390054537926176, 28.060665059972617 ], [ 85.390143144604963, 28.060515405055757 ], [ 85.390222122966975, 28.060376733745954 ], [ 85.390287140269436, 28.060222861207592 ], [ 85.390339520405917, 28.060065040536188 ], [ 85.390380435519887, 28.059906366921325 ], [ 85.390419006347656, 28.059755961100397 ], [ 85.390457660900154, 28.059614534731278 ], [ 85.390497660277276, 28.059457496360498 ], [ 85.39053886319391, 28.059277923018893 ], [ 85.390566889968227, 28.059109966450762 ], [ 85.390575754299164, 28.058966509762854 ], [ 85.390581060338889, 28.058739438469154 ], [ 85.390591601776123, 28.058367890095045 ], [ 85.390593744599812, 28.057958916872114 ], [ 85.390577316284237, 28.057592391967823 ], [ 85.390553371078909, 28.05727494793177 ], [ 85.390532963233397, 28.057013217313791 ], [ 85.390501775859263, 28.056807576874178 ], [ 85.390440620349125, 28.056658531576314 ], [ 85.39036870885775, 28.056557219705432 ], [ 85.39032003614642, 28.056488037109432 ], [ 85.390277449159157, 28.056450952391341 ] ] ] } },
{ "type": "Feature", "properties": { "GL_ID": "GL085422E28066N", "Area": 0.042007688505400001, "Elevation": 4530, "Type": "E(c)", "Country": "Nepal" }, "geometry": { "type": "Polygon", "coordinates": [ [ [ 85.422556610107563, 28.064396209716843 ], [ 85.422468507554925, 28.064387698703456 ], [ 85.422373979356678, 28.064394107394776 ], [ 85.422273635864258, 28.06441879272467 ], [ 85.42218658447274, 28.064463416205573 ], [ 85.422131932576576, 28.064529639350042 ], [ 85.422094421386646, 28.064610443115331 ], [ 85.422048195732941, 28.064693934122655 ], [ 85.422001096937322, 28.064778010050588 ], [ 85.421975936889794, 28.064857406616344 ], [ 85.421970782809808, 28.064939007229388 ], [ 85.421970782809808, 28.065055609809068 ], [ 85.421970977783246, 28.065214691162115 ], [ 85.421945995754697, 28.065444098578553 ], [ 85.421895294189426, 28.065744510226807 ], [ 85.421905441284196, 28.066022338867295 ], [ 85.422006488376269, 28.066245023939416 ], [ 85.422118284437431, 28.066494784885037 ], [ 85.42219352722168, 28.066820144653313 ], [ 85.422245271470899, 28.067121412489261 ], [ 85.422293692694723, 28.067298897637272 ], [ 85.422363815307733, 28.067385253906256 ], [ 85.422498041788856, 28.067435811360671 ], [ 85.422666549682674, 28.0674586825902 ], [ 85.42278511047374, 28.067473754882943 ], [ 85.422859963311112, 28.067482045491662 ], [ 85.422941852145811, 28.067482935587634 ], [ 85.423035125732554, 28.067475738525506 ], [ 85.423124313354492, 28.067455503675603 ], [ 85.423205990261465, 28.067421281602609 ], [ 85.423279571533214, 28.067375411987314 ], [ 85.423344887627422, 28.067318725585949 ], [ 85.423404524061539, 28.067250188191736 ], [ 85.423460006713981, 28.067169189453178 ], [ 85.423504689534639, 28.067087775336461 ], [ 85.423531926473004, 28.067017991807798 ], [ 85.423544158935499, 28.066947937011719 ], [ 85.423545523749567, 28.066857443915524 ], [ 85.423539055718322, 28.066754235161795 ], [ 85.423532943725604, 28.066660537719827 ], [ 85.42352752685548, 28.066575605604442 ], [ 85.423522186279286, 28.066490156385669 ], [ 85.423517074584936, 28.066403121948273 ], [ 85.423514048258539, 28.066315121120855 ], [ 85.423513175116796, 28.066224695841466 ], [ 85.423508605957011, 28.066104354858453 ], [ 85.423498094346769, 28.06594487508147 ], [ 85.423473883734914, 28.065791244506897 ], [ 85.423431396484432, 28.065670013427674 ], [ 85.423360663520043, 28.065516798231439 ], [ 85.423251715766128, 28.065267215305031 ], [ 85.423131713867178, 28.065003356933634 ], [ 85.42304668002663, 28.064864323933932 ], [ 85.422988255818723, 28.064813401963992 ], [ 85.422931289672988, 28.064742965698262 ], [ 85.422874866061761, 28.064652608235807 ], [ 85.422821460299986, 28.064568939209042 ], [ 85.422770004272479, 28.064496383667059 ], [ 85.422709359063106, 28.064444224039843 ], [ 85.422637252807533, 28.064413952297745 ], [ 85.422556610107563, 28.064396209716843 ] ] ] } },
{ "type": "Feature", "properties": { "GL_ID": "GL085419E28070N", "Area": 0.022662590628600002, "Elevation": 4514, "Type": "E(o)", "Country": "Nepal" }, "geometry": { "type": "Polygon", "coordinates": [ [ [ 85.419891357421989, 28.069011688232482 ], [ 85.419824047201473, 28.06900776067431 ], [ 85.41974536060593, 28.069013584294964 ], [ 85.419638932809391, 28.069024080355522 ], [ 85.419474652533097, 28.069029903976226 ], [ 85.419277146017748, 28.069043853579167 ], [ 85.419128575974014, 28.06910818427281 ], [ 85.419030082296445, 28.069217512593582 ], [ 85.418950583102401, 28.069320035404075 ], [ 85.418885168944541, 28.069408834333391 ], [ 85.418837361081842, 28.06950621068836 ], [ 85.418808084973193, 28.069619793863755 ], [ 85.418790072379124, 28.069784886738265 ], [ 85.418779373169059, 28.07002067565924 ], [ 85.418778425137702, 28.0702499637942 ], [ 85.418789666079931, 28.070395554311293 ], [ 85.418808863713252, 28.070494691295778 ], [ 85.418828230637871, 28.070615903865704 ], [ 85.418847055830099, 28.070752194647188 ], [ 85.418863578661046, 28.07087598044501 ], [ 85.418875429051923, 28.070985647348262 ], [ 85.418869199132075, 28.071084242600595 ], [ 85.418844866329437, 28.07117155176655 ], [ 85.418831187592559, 28.071238184821713 ], [ 85.418836898352254, 28.071281602396827 ], [ 85.418856807009035, 28.071317898451355 ], [ 85.418888092041016, 28.071355819702205 ], [ 85.418927909354522, 28.071388052765545 ], [ 85.4189734148556, 28.071407284256964 ], [ 85.419040691217845, 28.071392634916712 ], [ 85.419159330559921, 28.071305686905649 ], [ 85.419311918450546, 28.071169441268289 ], [ 85.41943976723951, 28.071061365703255 ], [ 85.419539784538642, 28.070982340524839 ], [ 85.419620502629868, 28.070901893299784 ], [ 85.419683524137554, 28.070814945288706 ], [ 85.419731196567284, 28.070721496491732 ], [ 85.419764219656599, 28.070621727486419 ], [ 85.419781555085535, 28.070523944832249 ], [ 85.419782638549862, 28.070432662963981 ], [ 85.419774377134502, 28.070319034644228 ], [ 85.419763677924436, 28.070154212635771 ], [ 85.419763802071373, 28.069973465959091 ], [ 85.419799150094548, 28.069841689612137 ], [ 85.419859959528992, 28.069749279135127 ], [ 85.419912778414243, 28.069660435061568 ], [ 85.419955033522456, 28.069569559492439 ], [ 85.419986724853629, 28.069459587864685 ], [ 85.420007175242404, 28.069329933302075 ], [ 85.42000758154154, 28.069209939629449 ], [ 85.419985347950956, 28.069108929154478 ], [ 85.419945666070589, 28.069040400036787 ], [ 85.419891357421989, 28.069011688232482 ] ] ] } },
{ "type": "Feature", "properties": { "GL_ID": "GL085421E28070N", "Area": 0.0199970270693, "Elevation": 4502, "Type": "E(o)", "Country": "Nepal" }, "geometry": { "type": "Polygon", "coordinates": [ [ [ 85.422270556372723, 28.069893956020902 ], [ 85.422125551435784, 28.069877359602287 ], [ 85.421994388512417, 28.069883262833226 ], [ 85.421892447399784, 28.069914773985484 ], [ 85.421785731374428, 28.069980527147894 ], [ 85.421657806888334, 28.070084659487463 ], [ 85.421542129725935, 28.070194155427597 ], [ 85.421467333664111, 28.070280757951139 ], [ 85.421423604622589, 28.070347632890847 ], [ 85.421395592892395, 28.070399731765576 ], [ 85.421378241645016, 28.070446650187254 ], [ 85.421358357077622, 28.070514202117856 ], [ 85.421334689209573, 28.070601778593019 ], [ 85.421304796948846, 28.07069961524309 ], [ 85.421268690760769, 28.070804548852269 ], [ 85.421229395846922, 28.07089903325215 ], [ 85.421187812899348, 28.070979294953588 ], [ 85.421147847535394, 28.071057050807099 ], [ 85.421111184056201, 28.071137246444607 ], [ 85.421083450317496, 28.071217536926216 ], [ 85.421068798530882, 28.071296192163917 ], [ 85.421060654361611, 28.071380132510338 ], [ 85.421050107037559, 28.071478737725158 ], [ 85.421038995881474, 28.071587573680688 ], [ 85.421031784455351, 28.071696039417024 ], [ 85.421032193266456, 28.071797506308769 ], [ 85.421054743281445, 28.07186656266407 ], [ 85.421101241772362, 28.071901331876688 ], [ 85.421173519558465, 28.071908526950551 ], [ 85.42127003820184, 28.071890391440036 ], [ 85.42135637908649, 28.071861840079464 ], [ 85.421419997274199, 28.071828371212863 ], [ 85.421475252169785, 28.071788994536686 ], [ 85.421531324687464, 28.071743076884449 ], [ 85.42159386623058, 28.071693255577539 ], [ 85.421669479914442, 28.071642612070036 ], [ 85.421752942769558, 28.071591935857665 ], [ 85.421833462185418, 28.071542845832081 ], [ 85.421909706419285, 28.071495056152347 ], [ 85.421978092324537, 28.071447372436527 ], [ 85.422038490389582, 28.071399406150643 ], [ 85.422092126393693, 28.071349318626119 ], [ 85.422139221421617, 28.07129619216391 ], [ 85.422179775473467, 28.071231812606587 ], [ 85.422214332758529, 28.071152654367893 ], [ 85.422269865645603, 28.071015146697736 ], [ 85.422361373901367, 28.070795059204102 ], [ 85.422446079542055, 28.070561889758384 ], [ 85.422488268837867, 28.07038513623155 ], [ 85.422496883957479, 28.070250664228411 ], [ 85.422488004582419, 28.07013305747796 ], [ 85.422463089350401, 28.070034827715123 ], [ 85.422425658614543, 28.069965362548889 ], [ 85.422370878593824, 28.069922899840151 ], [ 85.422270556372723, 28.069893956020902 ] ] ] } },
{ "type": "Feature", "properties": { "GL_ID": "GL085410E28072N", "Area": 0.0076595075496799997, "Elevation": 4608, "Type": "E(o)", "Country": "Nepal" }, "geometry": { "type": "Polygon", "coordinates": [ [ [ 85.4105269923013, 28.071904315045575 ], [ 85.410472181421767, 28.071886931650798 ], [ 85.410405793839061, 28.071905646803938 ], [ 85.410332369381251, 28.071964004336056 ], [ 85.41027488934219, 28.072079367891607 ], [ 85.41023615549301, 28.072253187732599 ], [ 85.410201549530086, 28.072448253631652 ], [ 85.410163529525903, 28.072645367955261 ], [ 85.410137864964952, 28.0728335606276 ], [ 85.410155121391426, 28.072991568661276 ], [ 85.410214455170035, 28.073117580639522 ], [ 85.410304120306535, 28.073202404044878 ], [ 85.410421639504591, 28.07324411459939 ], [ 85.410547121036814, 28.073229185928252 ], [ 85.410666457294838, 28.073148024858025 ], [ 85.410773147492648, 28.073021036633286 ], [ 85.410850025493005, 28.072902103852869 ], [ 85.410893694183528, 28.072791116477504 ], [ 85.41087668605104, 28.07265511349107 ], [ 85.41079139709484, 28.072484970092827 ], [ 85.4107018250686, 28.072322337585209 ], [ 85.410665512085075, 28.072208867270604 ], [ 85.410667388396973, 28.072135019584607 ], [ 85.410653018387052, 28.072066335283179 ], [ 85.410618116164471, 28.072000156492894 ], [ 85.410574602657505, 28.071945066282808 ], [ 85.4105269923013, 28.071904315045575 ] ] ] } },
{ "type": "Feature", "properties": { "GL_ID": "GL085427E28071N", "Area": 0.0445557317907, "Elevation": 4631, "Type": "E(o)", "Country": "Nepal" }, "geometry": { "type": "Polygon", "coordinates": [ [ [ 85.428120012636612, 28.070265334329459 ], [ 85.42805508772534, 28.070259504848199 ], [ 85.427989053137537, 28.070260206858396 ], [ 85.427924653630328, 28.070268538263125 ], [ 85.427860471937493, 28.070285585191584 ], [ 85.42779229452583, 28.070314357310171 ], [ 85.427721335564115, 28.070354008380324 ], [ 85.427653908729496, 28.070400118827873 ], [ 85.427591488685266, 28.070452183853039 ], [ 85.427539173467665, 28.070510203455676 ], [ 85.427497704823907, 28.07057396570838 ], [ 85.427464604377747, 28.070640992235329 ], [ 85.427439159817197, 28.070710500081361 ], [ 85.427421371142088, 28.070780754089469 ], [ 85.42741119125742, 28.070850925681047 ], [ 85.427404511122063, 28.070913824034395 ], [ 85.427398681640625, 28.070964813232536 ], [ 85.427392852159187, 28.071017503738517 ], [ 85.42738617202383, 28.071085506015383 ], [ 85.4273789723714, 28.071163853009526 ], [ 85.427371766832096, 28.071244840268779 ], [ 85.427361576645467, 28.071325394842411 ], [ 85.427341461181697, 28.071398576100648 ], [ 85.427312028260872, 28.071465704176202 ], [ 85.427276375853069, 28.071532355414487 ], [ 85.427235484123287, 28.071596741676331 ], [ 85.427193176599189, 28.071646755124448 ], [ 85.427150162649809, 28.071682985918134 ], [ 85.427107705010258, 28.071726269192144 ], [ 85.427065766887949, 28.071781351242524 ], [ 85.427018930882696, 28.071846426269136 ], [ 85.426965739992056, 28.071920779016416 ], [ 85.426924858564234, 28.072001115775496 ], [ 85.426906067648019, 28.072085664596049 ], [ 85.426900863647575, 28.072161197662467 ], [ 85.426902464878538, 28.07221716568802 ], [ 85.426924811469235, 28.072318371431379 ], [ 85.426985383033752, 28.072546071476498 ], [ 85.427081060998319, 28.072824654755774 ], [ 85.427205806897064, 28.073009747046108 ], [ 85.427354388766901, 28.073115030924605 ], [ 85.42751236020797, 28.073189262990581 ], [ 85.42768443072282, 28.073235423476717 ], [ 85.42789459228527, 28.073253512382564 ], [ 85.428128160076312, 28.073246920550393 ], [ 85.428267241996025, 28.073238589145493 ], [ 85.428298632303949, 28.073231167263543 ], [ 85.428325803191512, 28.073205447491265 ], [ 85.428377504701984, 28.073152283091652 ], [ 85.428429444630979, 28.072982602649347 ], [ 85.42847172419232, 28.072659086298188 ], [ 85.428552110989983, 28.072267510272923 ], [ 85.428701400756836, 28.071863174438587 ], [ 85.428849614696844, 28.071524989457775 ], [ 85.428919568473987, 28.071339071532798 ], [ 85.42893742190472, 28.071246478292668 ], [ 85.42894375177076, 28.07115578357093 ], [ 85.428942256503774, 28.071070665194728 ], [ 85.428940455118777, 28.071002112494682 ], [ 85.428935804484922, 28.070947011311887 ], [ 85.428918391098307, 28.070892969767328 ], [ 85.42887556552887, 28.070838332176319 ], [ 85.428744239571643, 28.070779912265831 ], [ 85.428531458348459, 28.07071745542839 ], [ 85.428380542331354, 28.07065285576715 ], [ 85.428321441014589, 28.070586701970054 ], [ 85.428297572665883, 28.070521401770296 ], [ 85.428288658459962, 28.070457855860464 ], [ 85.428279876708984, 28.070398260045923 ], [ 85.428263418468532, 28.070343790230993 ], [ 85.428232669830436, 28.070301532745479 ], [ 85.428182356151524, 28.070277138992651 ], [ 85.428120012636612, 28.070265334329459 ] ] ] } },
{ "type": "Feature", "properties": { "GL_ID": "GL085425E28075N", "Area": 0.015931038444400001, "Elevation": 4616, "Type": "E(o)", "Country": "Nepal" }, "geometry": { "type": "Polygon", "coordinates": [ [ [ 85.425276896299806, 28.076366678169222 ], [ 85.425430420693317, 28.076328617053719 ], [ 85.42570686340332, 28.076227188110412 ], [ 85.425977984293638, 28.076112802669403 ], [ 85.426122369528457, 28.076042698360883 ], [ 85.426174842749958, 28.076002588562748 ], [ 85.426216384380552, 28.075959250537327 ], [ 85.426249863368298, 28.07591079674933 ], [ 85.426272991951805, 28.075854367496564 ], [ 85.426285630117832, 28.075789870317575 ], [ 85.426291019302425, 28.075722707605795 ], [ 85.426290288856478, 28.075654786709663 ], [ 85.426279622762195, 28.075587803637237 ], [ 85.426255977715186, 28.07552311096822 ], [ 85.426222978206283, 28.075462520948122 ], [ 85.426187521863199, 28.075409482390562 ], [ 85.426152548961795, 28.075366324004733 ], [ 85.426129959296759, 28.075342678957725 ], [ 85.426117022612118, 28.075337079753641 ], [ 85.426065915179151, 28.075319497539173 ], [ 85.425962802115635, 28.075281597570665 ], [ 85.425799846649284, 28.075249195098877 ], [ 85.425571996419421, 28.075238933193422 ], [ 85.425312537565901, 28.075273696075215 ], [ 85.425073100589316, 28.07538897971369 ], [ 85.424866743695475, 28.075556102551904 ], [ 85.424736841893946, 28.075673856233376 ], [ 85.424678949107772, 28.075740511727876 ], [ 85.424621666567418, 28.075816701323848 ], [ 85.424549813415922, 28.075916356327188 ], [ 85.424523990240175, 28.076031101047196 ], [ 85.424576040780551, 28.076156534316503 ], [ 85.424666740227281, 28.076266618977005 ], [ 85.424746904346875, 28.076328706873422 ], [ 85.42482798251433, 28.076351636004183 ], [ 85.424942929328722, 28.076360797617895 ], [ 85.425085390043421, 28.076359688080007 ], [ 85.425198742557484, 28.076361462019918 ], [ 85.425276896299806, 28.076366678169222 ] ] ] } },
{ "type": "Feature", "properties": { "GL_ID": "GL085417E28077N", "Area": 0.0109897107603, "Elevation": 4408, "Type": "E(o)", "Country": "Nepal" }, "geometry": { "type": "Polygon", "coordinates": [ [ [ 85.418059512708396, 28.076457209840953 ], [ 85.417989663118476, 28.07645447860812 ], [ 85.41790014187967, 28.07645732270197 ], [ 85.417795181274471, 28.076461791992188 ], [ 85.417691845865647, 28.076470730572737 ], [ 85.417607200216196, 28.07648698253746 ], [ 85.417543501543548, 28.076510265734154 ], [ 85.417504903127565, 28.076540061002614 ], [ 85.417484994470783, 28.076577982253696 ], [ 85.417462648019352, 28.076629311375427 ], [ 85.417437559048949, 28.076694251517555 ], [ 85.417417650391997, 28.076771583782776 ], [ 85.417403655644819, 28.076858847804374 ], [ 85.417387945412202, 28.076926699756886 ], [ 85.417368285049463, 28.076966686361686 ], [ 85.41734986615603, 28.077005284777893 ], [ 85.417335510253963, 28.077056884765632 ], [ 85.417320748052703, 28.077122705222621 ], [ 85.417301110261917, 28.07720396504601 ], [ 85.41727518612123, 28.077298971322996 ], [ 85.417240379830218, 28.077404609093382 ], [ 85.41720367747655, 28.07751033715255 ], [ 85.41718796724399, 28.077582116663052 ], [ 85.417194908187241, 28.077623525314895 ], [ 85.417223890857542, 28.077671739476788 ], [ 85.417273910793313, 28.077730833426074 ], [ 85.417333230464465, 28.077773223967259 ], [ 85.417398813913678, 28.077790536824185 ], [ 85.417497138300007, 28.077787963596336 ], [ 85.417642593383903, 28.077768325805774 ], [ 85.417792924057153, 28.077726070697558 ], [ 85.417905875211716, 28.077662688035222 ], [ 85.417984550521339, 28.077590874666271 ], [ 85.418034660745775, 28.077533992789991 ], [ 85.418061566776032, 28.077487674690587 ], [ 85.418082288030973, 28.077436074702689 ], [ 85.418098539995754, 28.077379802275054 ], [ 85.418112760464794, 28.077329827483656 ], [ 85.418125310593211, 28.077287166076243 ], [ 85.418135603504084, 28.077241254276203 ], [ 85.418143627911718, 28.077188807831696 ], [ 85.418157171215626, 28.077128269263252 ], [ 85.418180465698242, 28.077058792114205 ], [ 85.418200916087187, 28.076972250402264 ], [ 85.418205927109682, 28.076860518145224 ], [ 85.418201141808822, 28.076746731820155 ], [ 85.418196943384658, 28.076673462546122 ], [ 85.41819084889795, 28.076631342870943 ], [ 85.418174055201007, 28.076586920834188 ], [ 85.418147815049849, 28.076539553128899 ], [ 85.418123707968846, 28.076500819279719 ], [ 85.418101903249578, 28.076472784640547 ], [ 85.418059512708396, 28.076457209840953 ] ] ] } },
{ "type": "Feature", "properties": { "GL_ID": "GL085422E28078N", "Area": 0.0098841388591699997, "Elevation": 4580, "Type": "E(o)", "Country": "Nepal" }, "geometry": { "type": "Polygon", "coordinates": [ [ [ 85.422812900543363, 28.078011608123806 ], [ 85.422646984524306, 28.078002107408338 ], [ 85.422435065375396, 28.078006570604206 ], [ 85.422185897827148, 28.078012466430611 ], [ 85.421970479753384, 28.078025525411025 ], [ 85.421853196885877, 28.078051478068122 ], [ 85.421803836822619, 28.078094100952171 ], [ 85.421732508341563, 28.078164630466116 ], [ 85.421637323167658, 28.078261852264404 ], [ 85.421558914184516, 28.078366241455175 ], [ 85.421507703993086, 28.078472679985907 ], [ 85.421479602389866, 28.078561943901946 ], [ 85.421471557617224, 28.078619689941551 ], [ 85.421483569675047, 28.078658209906735 ], [ 85.421515638563392, 28.078705652025068 ], [ 85.421566009521484, 28.07875976562508 ], [ 85.421622350480732, 28.078796958923469 ], [ 85.421683086819201, 28.078812679714698 ], [ 85.421791553497314, 28.078807830810664 ], [ 85.421972368028491, 28.078782925075931 ], [ 85.42217937257567, 28.078750271267381 ], [ 85.422331314086989, 28.078731536865295 ], [ 85.422436116536517, 28.078722040388243 ], [ 85.422542572021484, 28.078695509168874 ], [ 85.422656917572112, 28.078647747039902 ], [ 85.42276119656043, 28.078567106458937 ], [ 85.422847567664292, 28.078448501163049 ], [ 85.422907485961957, 28.078311767578214 ], [ 85.422929498884514, 28.078183492024831 ], [ 85.422906765408072, 28.078072357177749 ], [ 85.422812900543363, 28.078011608123806 ] ] ] } },
{ "type": "Feature", "properties": { "GL_ID": "GL085399E28079N", "Area": 0.020715678878799999, "Elevation": 4103, "Type": "E(o)", "Country": "Nepal" }, "geometry": { "type": "Polygon", "coordinates": [ [ [ 85.398875199089957, 28.079343059258516 ], [ 85.398744034285301, 28.079341543698945 ], [ 85.398639527569287, 28.079346208311676 ], [ 85.398562264640987, 28.07936291008582 ], [ 85.398508071899471, 28.079391884321804 ], [ 85.398456573486271, 28.079432513569376 ], [ 85.398405280889961, 28.079484373153889 ], [ 85.398356032853599, 28.07954439850408 ], [ 85.398309542648121, 28.079611724962433 ], [ 85.398271531185515, 28.079683492073116 ], [ 85.398244342962812, 28.0797585709625 ], [ 85.398235402691171, 28.079837456611472 ], [ 85.398249609150128, 28.079920475604926 ], [ 85.398281979645901, 28.079994596284109 ], [ 85.398326757546783, 28.080044762841624 ], [ 85.398391893729297, 28.08007781655834 ], [ 85.398492992278705, 28.080107209231699 ], [ 85.39861466569937, 28.080137704130379 ], [ 85.398705568665264, 28.080183630182539 ], [ 85.398767085761563, 28.080240533128002 ], [ 85.398828963462392, 28.080277427056448 ], [ 85.398896878454593, 28.080292129063142 ], [ 85.398982346837556, 28.080312520230109 ], [ 85.399087747127112, 28.080345362460211 ], [ 85.399193055564638, 28.08036951956376 ], [ 85.399289313734755, 28.080375548917292 ], [ 85.399385452270508, 28.080375671386776 ], [ 85.399488204157649, 28.08037910053196 ], [ 85.399582331586032, 28.080390088765174 ], [ 85.399647623123315, 28.08041427648601 ], [ 85.399692232628752, 28.080444939780136 ], [ 85.399734515213993, 28.0804670608286 ], [ 85.399777274636506, 28.080480743956965 ], [ 85.399828390332345, 28.080488413607672 ], [ 85.39989041998615, 28.080490775681085 ], [ 85.399975138243633, 28.080490928767862 ], [ 85.40008231434058, 28.080488280365447 ], [ 85.400181499304267, 28.080467904507142 ], [ 85.400263224997502, 28.080425619653852 ], [ 85.400323724916916, 28.080377029890659 ], [ 85.400361086610758, 28.080330095733469 ], [ 85.400381952347061, 28.080286588453415 ], [ 85.400392071387273, 28.080248041187076 ], [ 85.400396015924741, 28.080196818330137 ], [ 85.400400715690694, 28.080106190920787 ], [ 85.400404200967785, 28.079996068185658 ], [ 85.400401322935238, 28.079917366241141 ], [ 85.400383703206955, 28.079861671547459 ], [ 85.400317018579187, 28.079783015529067 ], [ 85.400207959514319, 28.079681069899156 ], [ 85.400136177094851, 28.079592264223098 ], [ 85.400111995610814, 28.079523617248984 ], [ 85.400036431946546, 28.079466929192051 ], [ 85.399875602314069, 28.07941940706786 ], [ 85.399669884217985, 28.079385192158902 ], [ 85.399442672729606, 28.079366683960021 ], [ 85.399221247923663, 28.079356855784791 ], [ 85.3990328898754, 28.079348680947593 ], [ 85.398875199089957, 28.079343059258516 ] ] ] } },
{ "type": "Feature", "properties": { "GL_ID": "GL085407E28080N", "Area": 0.14606377584399999, "Elevation": 4314, "Type": "E(c)", "Country": "Nepal" }, "geometry": { "type": "Polygon", "coordinates": [ [ [ 85.410034983762898, 28.079978183415729 ], [ 85.41000900557367, 28.079924725775644 ], [ 85.409964076297229, 28.079873372148146 ], [ 85.409894994198737, 28.079823189487797 ], [ 85.409810283363242, 28.079781484153163 ], [ 85.409714453076447, 28.079751285637993 ], [ 85.409637090239585, 28.079720411100595 ], [ 85.409593932541895, 28.07968230714329 ], [ 85.409565305350782, 28.079638613319052 ], [ 85.409538476785485, 28.079590389503554 ], [ 85.409509890776008, 28.079537635696905 ], [ 85.40947677408758, 28.079480353045028 ], [ 85.409434945207863, 28.07942551073603 ], [ 85.409380432352634, 28.079379728409268 ], [ 85.409327460718259, 28.079338822183836 ], [ 85.409292585669107, 28.079297922834542 ], [ 85.409266471098874, 28.079253654070385 ], [ 85.409235920132176, 28.079201265016426 ], [ 85.409189523441228, 28.079140056346663 ], [ 85.409108107144561, 28.079068900186201 ], [ 85.409013384180525, 28.078999525919013 ], [ 85.408949987836024, 28.078955737964922 ], [ 85.408909440556329, 28.078927943042288 ], [ 85.408868129389759, 28.078891285412116 ], [ 85.408827902548353, 28.078847558122956 ], [ 85.408797116257517, 28.078805117400179 ], [ 85.408768273530711, 28.078756466257349 ], [ 85.408713684195163, 28.078673914521399 ], [ 85.408636020708684, 28.078565469786785 ], [ 85.408556081071708, 28.078474069860423 ], [ 85.408478163083771, 28.078405222551229 ], [ 85.40841243114636, 28.078362993620313 ], [ 85.408355103798328, 28.078345407107975 ], [ 85.408274246396843, 28.078336835423276 ], [ 85.408167311710145, 28.078334164111372 ], [ 85.408056621080846, 28.078334011150726 ], [ 85.407949243174812, 28.078336495349337 ], [ 85.407868574032705, 28.07834963820682 ], [ 85.407818764758645, 28.078374741952754 ], [ 85.407777524189271, 28.07840262787261 ], [ 85.407736468517726, 28.078431586198519 ], [ 85.407667530287824, 28.07848011593552 ], [ 85.407562000670112, 28.078554845356738 ], [ 85.407456181252314, 28.078653928618905 ], [ 85.407365059971141, 28.078775938877872 ], [ 85.40726101136778, 28.078896189553575 ], [ 85.407130348206806, 28.0790016997646 ], [ 85.407014168640217, 28.079074697337035 ], [ 85.406937797985336, 28.079104330768587 ], [ 85.406890874336227, 28.07911391434731 ], [ 85.406865677530334, 28.079120782376329 ], [ 85.40683555603033, 28.079128742217961 ], [ 85.40677644258659, 28.079141232050969 ], [ 85.406699081507099, 28.079154383924163 ], [ 85.406615370799614, 28.079163914555011 ], [ 85.406534946914064, 28.079171746955012 ], [ 85.406470762233596, 28.079180471600349 ], [ 85.406416711928046, 28.079187701402194 ], [ 85.406362799149576, 28.07918954869729 ], [ 85.406289478540998, 28.079187172992366 ], [ 85.40615913245648, 28.079182925390231 ], [ 85.405993409272185, 28.079178727527051 ], [ 85.405844607885854, 28.079178886370819 ], [ 85.405681782016416, 28.079190046621868 ], [ 85.405413712433017, 28.079230069388299 ], [ 85.405090953271895, 28.079287072860094 ], [ 85.404897734439317, 28.079318441578376 ], [ 85.404819708568937, 28.079326556749326 ], [ 85.404742569289965, 28.079334145955389 ], [ 85.404660491411619, 28.079344112241643 ], [ 85.404601883915007, 28.079359161225398 ], [ 85.404569061840505, 28.07937952998827 ], [ 85.404553871662131, 28.079404539069461 ], [ 85.40455321114996, 28.07943332938305 ], [ 85.404554205394675, 28.079460479914875 ], [ 85.404555688701294, 28.07948579354229 ], [ 85.404570408231052, 28.079517321104564 ], [ 85.404601602824812, 28.079558729304097 ], [ 85.404651250351776, 28.07963045612593 ], [ 85.404719034652487, 28.079735108626092 ], [ 85.404790814422313, 28.079819978305352 ], [ 85.404861384793548, 28.079867678677374 ], [ 85.40492391043847, 28.079898094332638 ], [ 85.404976612748726, 28.079919639105185 ], [ 85.405055793465294, 28.079938859210703 ], [ 85.405178600770398, 28.079958855886279 ], [ 85.405298227836738, 28.079971734004062 ], [ 85.405387107120021, 28.079972897789219 ], [ 85.405453156745011, 28.079971321116883 ], [ 85.405501996529324, 28.079973378752189 ], [ 85.405536548007603, 28.079986374532158 ], [ 85.405559321508917, 28.080016584278837 ], [ 85.405574730126034, 28.08005474049622 ], [ 85.405587419984442, 28.080091086321779 ], [ 85.405592242832199, 28.080146612293678 ], [ 85.405582594539169, 28.080248242940513 ], [ 85.405565869405166, 28.080375235272868 ], [ 85.405553544299266, 28.080495344754016 ], [ 85.405546062135215, 28.080630425745202 ], [ 85.405544003048306, 28.080821667854476 ], [ 85.405545729625203, 28.081029004764961 ], [ 85.405547588686545, 28.081161715857888 ], [ 85.405569095180738, 28.081257003982326 ], [ 85.405662130610438, 28.081421795649359 ], [ 85.405806112510959, 28.081628109969131 ], [ 85.40592740449631, 28.081769728083717 ], [ 85.406034165211054, 28.081845027555065 ], [ 85.406177654153396, 28.081877308154791 ], [ 85.406351873076744, 28.081878433508621 ], [ 85.406506881139308, 28.08189227057278 ], [ 85.40663016444131, 28.081925939050571 ], [ 85.406686406929452, 28.081988947109956 ], [ 85.406681457786135, 28.082087115969436 ], [ 85.406692670985024, 28.082250301548815 ], [ 85.406731010954104, 28.08247061987527 ], [ 85.406764844693669, 28.082631634588665 ], [ 85.406787140058839, 28.082710712618113 ], [ 85.406800547656189, 28.082753576924514 ], [ 85.40680804571241, 28.082773633424267 ], [ 85.406842650138572, 28.082781887421223 ], [ 85.406913289426427, 28.082781834626136 ], [ 85.406978568364593, 28.082770339038007 ], [ 85.407022377176816, 28.082746335509395 ], [ 85.407053145818338, 28.082715243296892 ], [ 85.40707507452089, 28.082679654099877 ], [ 85.407099607070791, 28.082641284486044 ], [ 85.407133165373921, 28.08260102952795 ], [ 85.407171987986771, 28.082550828989095 ], [ 85.407213765752374, 28.082485211810535 ], [ 85.407355036763818, 28.082398206563827 ], [ 85.407674789428711, 28.082284927368228 ], [ 85.408020457173222, 28.08216802417957 ], [ 85.408232037177982, 28.082070146953924 ], [ 85.408371417267631, 28.081959537465821 ], [ 85.40851423553579, 28.081797381430025 ], [ 85.408639943517585, 28.081639966183843 ], [ 85.40871791231433, 28.081570580838164 ], [ 85.408779498266711, 28.081553183349229 ], [ 85.408880775927287, 28.081522544135908 ], [ 85.409013441636262, 28.081481673438361 ], [ 85.409157624784882, 28.081439603351214 ], [ 85.409309701074562, 28.081390173117089 ], [ 85.409462144103259, 28.081317075531672 ], [ 85.409604070813657, 28.081229173837357 ], [ 85.409703760035484, 28.081155599720432 ], [ 85.409767493856407, 28.081092646748175 ], [ 85.409825754249709, 28.081019772720822 ], [ 85.409880213622159, 28.08093821507703 ], [ 85.409926160675809, 28.080861434667614 ], [ 85.409965873318583, 28.080781620485823 ], [ 85.410014279510335, 28.080649238846835 ], [ 85.410068955411646, 28.080472541684511 ], [ 85.410100018208425, 28.080352043918481 ], [ 85.41010425236351, 28.080297517616035 ], [ 85.410099204658877, 28.080241475153461 ], [ 85.410088849476551, 28.080170666860173 ], [ 85.410074518231568, 28.080101069722563 ], [ 85.410056562993702, 28.080036908574289 ], [ 85.410034983762898, 28.079978183415729 ] ] ] } },
{ "type": "Feature", "properties": { "GL_ID": "GL085414E28082N", "Area": 0.15924113243900001, "Elevation": 4387, "Type": "M(e)", "Country": "Nepal" }, "geometry": { "type": "Polygon", "coordinates": [ [ [ 85.416744536848796, 28.081488548920735 ], [ 85.416810236616186, 28.081267550572083 ], [ 85.416880635147663, 28.081028272063573 ], [ 85.416953355468252, 28.080792511793955 ], [ 85.416986437611172, 28.080593461976438 ], [ 85.416965379656858, 28.0804433375942 ], [ 85.416939236040662, 28.080325986577467 ], [ 85.416931306582342, 28.080233372201743 ], [ 85.416954558027385, 28.080140688519126 ], [ 85.417016254706255, 28.080033787256927 ], [ 85.417084499207704, 28.079937245109139 ], [ 85.417136571107392, 28.079868555820212 ], [ 85.417187690734863, 28.079801559448359 ], [ 85.417251399023598, 28.079712982514312 ], [ 85.417317540273586, 28.079615096489139 ], [ 85.417374699237371, 28.079521694796373 ], [ 85.417427711090227, 28.079433534406292 ], [ 85.417483373640891, 28.0793516611356 ], [ 85.417541408358545, 28.079270550343949 ], [ 85.417601251471979, 28.079180617914464 ], [ 85.417660642286194, 28.079090133631777 ], [ 85.41771479500261, 28.079017044240519 ], [ 85.417761869276376, 28.0789523197808 ], [ 85.417797481230082, 28.078870909526074 ], [ 85.41781795588247, 28.078775774553833 ], [ 85.41781227890624, 28.078680520797835 ], [ 85.417781814910995, 28.078591722121136 ], [ 85.417735184523622, 28.078531261653215 ], [ 85.417672856568743, 28.078498768521118 ], [ 85.417592815230194, 28.078481475887823 ], [ 85.417497953079703, 28.078478434586255 ], [ 85.417407826049271, 28.078494365013512 ], [ 85.417326465571421, 28.078527803407098 ], [ 85.417259234336484, 28.078560650686828 ], [ 85.417206600768566, 28.078589252403052 ], [ 85.417161305745537, 28.07861624823687 ], [ 85.417120610833933, 28.078642919068105 ], [ 85.417072940338471, 28.078677625121433 ], [ 85.417014942677895, 28.07872419241119 ], [ 85.416956535584518, 28.07880555569335 ], [ 85.41690175910378, 28.078929608270411 ], [ 85.416851793660612, 28.079048542935375 ], [ 85.416807044882034, 28.079138995569057 ], [ 85.416755321320807, 28.07922091581224 ], [ 85.416689280826631, 28.079306452846769 ], [ 85.416623250748557, 28.079399700200955 ], [ 85.416568004541659, 28.079503746549562 ], [ 85.416493922015036, 28.079658856839668 ], [ 85.416373081603922, 28.079902986948358 ], [ 85.416246916961825, 28.080146705821338 ], [ 85.416164721593248, 28.080283617577781 ], [ 85.416107837554478, 28.080357513716251 ], [ 85.416048511139763, 28.080433508699336 ], [ 85.415983346299299, 28.080518168878321 ], [ 85.415906613175082, 28.080622380983193 ], [ 85.415832273150443, 28.080727959600662 ], [ 85.415791829727596, 28.080793707843103 ], [ 85.415781839583417, 28.080839553717738 ], [ 85.415789657168943, 28.080924299028254 ], [ 85.415811263070168, 28.081035212593179 ], [ 85.415835568044031, 28.081118152813186 ], [ 85.415860068920779, 28.081180260026766 ], [ 85.415878106405501, 28.081269481156657 ], [ 85.415876749107213, 28.081377184458752 ], [ 85.415792721806724, 28.08143134388553 ], [ 85.415636565800014, 28.081429557824265 ], [ 85.415537003984184, 28.081423719799083 ], [ 85.415506869698504, 28.081418879716807 ], [ 85.415455937961497, 28.081377610917965 ], [ 85.415365374155954, 28.081296170817101 ], [ 85.415254867720478, 28.081229033527226 ], [ 85.415130374862883, 28.081191088767181 ], [ 85.414998274444429, 28.081174681903409 ], [ 85.414861727552079, 28.081176927274559 ], [ 85.414743416951978, 28.081192307451147 ], [ 85.414651654393197, 28.081218737510369 ], [ 85.414532914329016, 28.08126668984136 ], [ 85.41436000952973, 28.081341290969643 ], [ 85.414191163104533, 28.081414789693721 ], [ 85.414063216307397, 28.081469482345032 ], [ 85.413831648018402, 28.081529372431021 ], [ 85.413381576538029, 28.081613540649528 ], [ 85.412921613966887, 28.081712652870348 ], [ 85.412660372405014, 28.081809966710924 ], [ 85.412488932870986, 28.08193052558687 ], [ 85.4122702753412, 28.082105834102094 ], [ 85.412058348416281, 28.082279513699064 ], [ 85.411938038124788, 28.082363413502438 ], [ 85.411872170397714, 28.08239103350115 ], [ 85.411787438507929, 28.082428698829229 ], [ 85.41168984032771, 28.082475188098556 ], [ 85.411597767288924, 28.082523757783914 ], [ 85.411511988580685, 28.082576559511892 ], [ 85.411432504203219, 28.082640610029674 ], [ 85.411345425184948, 28.082717275950021 ], [ 85.411201527929563, 28.08280983884606 ], [ 85.411018422060067, 28.082909751704623 ], [ 85.410892347557422, 28.082978251200302 ], [ 85.410817803016585, 28.083019862128019 ], [ 85.410702458401488, 28.0830844561861 ], [ 85.410546411763789, 28.083173366535387 ], [ 85.410448614776385, 28.083242839035332 ], [ 85.410422453132185, 28.083287357157303 ], [ 85.410415984331905, 28.083333558080763 ], [ 85.410416444142584, 28.083386580149472 ], [ 85.410420571022598, 28.083430767960753 ], [ 85.410432384986279, 28.083464613483724 ], [ 85.410539140322783, 28.083543124856988 ], [ 85.41077144204553, 28.083684237107036 ], [ 85.411095969142593, 28.083830395758412 ], [ 85.41149523317813, 28.083955606425715 ], [ 85.411846615191052, 28.084047263421265 ], [ 85.412083494690876, 28.08409859427536 ], [ 85.412270452414873, 28.084124543290898 ], [ 85.412451198736562, 28.08413522500399 ], [ 85.412670634669837, 28.084140888559492 ], [ 85.412966501760479, 28.084150148875377 ], [ 85.413258525509491, 28.08415777065807 ], [ 85.413461547868394, 28.084158200121976 ], [ 85.413619054863602, 28.084154516026675 ], [ 85.413788867582696, 28.084150811900255 ], [ 85.414018100962153, 28.08414138011938 ], [ 85.414383782781556, 28.084116800020183 ], [ 85.4148213290988, 28.084057658291162 ], [ 85.415197942117231, 28.083925000911684 ], [ 85.415504805707769, 28.083733985915334 ], [ 85.415729522705135, 28.083524904088964 ], [ 85.415882110595703, 28.08328861660425 ], [ 85.415994724088648, 28.082991682564227 ], [ 85.416085472179134, 28.082659542898625 ], [ 85.416213747684367, 28.082395805077688 ], [ 85.416368986473117, 28.082208272064239 ], [ 85.41647611088024, 28.082087559150235 ], [ 85.416531360292026, 28.082019172529098 ], [ 85.416567777490741, 28.081925562814774 ], [ 85.416593681436552, 28.081801488404153 ], [ 85.416631246108977, 28.081701376337605 ], [ 85.416684183746895, 28.081627124849778 ], [ 85.416744536848796, 28.081488548920735 ] ] ] } },
{ "type": "Feature", "properties": { "GL_ID": "GL085421E28086N", "Area": 0.0097790765351899994, "Elevation": 4622, "Type": "E(o)", "Country": "Nepal" }, "geometry": { "type": "Polygon", "coordinates": [ [ [ 85.421239970642887, 28.085542043050062 ], [ 85.421089643313678, 28.085539876678986 ], [ 85.420966254340328, 28.085568322075797 ], [ 85.420880329461738, 28.085626131222568 ], [ 85.420827206270189, 28.085696208624253 ], [ 85.420804977417106, 28.085771560669006 ], [ 85.420800456294273, 28.085862736643158 ], [ 85.420800456294273, 28.085980285832935 ], [ 85.420807944403748, 28.086110644870477 ], [ 85.420830173257002, 28.086220658855783 ], [ 85.420865306147903, 28.086309197508236 ], [ 85.420900344848746, 28.086378521389463 ], [ 85.42093415907874, 28.086429831422489 ], [ 85.420989542831649, 28.086481259192965 ], [ 85.421075820922965, 28.086540222168086 ], [ 85.421173778581135, 28.086590142897702 ], [ 85.42126420103483, 28.086614443932142 ], [ 85.421348359849844, 28.086619483100154 ], [ 85.421429363297875, 28.086620801760883 ], [ 85.421507446854207, 28.086618541199531 ], [ 85.421583175659123, 28.086609310574026 ], [ 85.421657279685689, 28.086592097341395 ], [ 85.421743746157176, 28.086557058640381 ], [ 85.421848297119197, 28.086500167846616 ], [ 85.421935893871137, 28.086439132690487 ], [ 85.421971497712434, 28.086391660902226 ], [ 85.421966128879205, 28.086344189114126 ], [ 85.421946725727594, 28.086263562426211 ], [ 85.42191272311743, 28.086157316043174 ], [ 85.421853383382199, 28.086079703437068 ], [ 85.421767693978893, 28.086037176626693 ], [ 85.421672750402479, 28.085972750628461 ], [ 85.421575546264762, 28.085863113403324 ], [ 85.421487384372426, 28.085742926892074 ], [ 85.421419567532098, 28.085646853034916 ], [ 85.421352810329836, 28.085577646891348 ], [ 85.421239970642887, 28.085542043050062 ] ] ] } },
{ "type": "Feature", "properties": { "GL_ID": "GL085427E28088N", "Area": 0.0073914825892099998, "Elevation": 4744, "Type": "E(o)", "Country": "Nepal" }, "geometry": { "type": "Polygon", "coordinates": [ [ [ 85.427374831857492, 28.087934985385406 ], [ 85.427271824464299, 28.087929901323832 ], [ 85.427166735366541, 28.087943127280884 ], [ 85.42706471334867, 28.087970847238239 ], [ 85.426969998430991, 28.088009245177833 ], [ 85.426885972062735, 28.08805527779538 ], [ 85.426816258734277, 28.088106873953453 ], [ 85.4267677560739, 28.088160092150414 ], [ 85.426739177545358, 28.088218403655215 ], [ 85.426724289923243, 28.088297108203843 ], [ 85.426722238598757, 28.088394672256527 ], [ 85.426731355302593, 28.088472725611954 ], [ 85.426751023184352, 28.088520478013606 ], [ 85.426769256591854, 28.088558673858703 ], [ 85.426778328385808, 28.088600687042916 ], [ 85.426783588124238, 28.088645031577691 ], [ 85.426793333566195, 28.088689402530125 ], [ 85.42680765981504, 28.088733613656242 ], [ 85.426826566870659, 28.088777108866164 ], [ 85.426849860563891, 28.088818740316473 ], [ 85.42687584092414, 28.088848874839808 ], [ 85.426904420773553, 28.088865457149215 ], [ 85.426948409991837, 28.088876370247707 ], [ 85.427014539776735, 28.088885756410832 ], [ 85.427093342070464, 28.088891248623728 ], [ 85.427172944816562, 28.088889878872692 ], [ 85.427252740410836, 28.08888163791153 ], [ 85.427331108135604, 28.088866525739949 ], [ 85.427406258200108, 28.08884014647424 ], [ 85.427466751796032, 28.088772759213104 ], [ 85.427510681575086, 28.088659920520744 ], [ 85.427543757694934, 28.088529142976771 ], [ 85.427568435669059, 28.088392257690547 ], [ 85.427582806827729, 28.088267206155024 ], [ 85.427584962501385, 28.088171929864021 ], [ 85.427570438120938, 28.088098839049334 ], [ 85.427528851580519, 28.088030284131325 ], [ 85.427461171084133, 28.087969184252074 ], [ 85.427374831857492, 28.087934985385406 ] ] ] } },
{ "type": "Feature", "properties": { "GL_ID": "GL085426E28092N", "Area": 0.00996111241881, "Elevation": 4708, "Type": "E(o)", "Country": "Nepal" }, "geometry": { "type": "Polygon", "coordinates": [ [ [ 85.4269242062133, 28.092129229178344 ], [ 85.426830636497414, 28.0921066844233 ], [ 85.426724642597719, 28.092110874250128 ], [ 85.426620810976374, 28.092130993872164 ], [ 85.426520878588519, 28.092165452951861 ], [ 85.426430564838086, 28.092207960144663 ], [ 85.426350664894358, 28.092258289580172 ], [ 85.42627443038856, 28.092339800995777 ], [ 85.426198959350586, 28.092462539672969 ], [ 85.426142956741614, 28.092598257302598 ], [ 85.426125127522994, 28.092718705576203 ], [ 85.426134979955975, 28.092823438036934 ], [ 85.426148116093316, 28.0929114164739 ], [ 85.426163114669237, 28.092985166407004 ], [ 85.426177687922404, 28.093058414406531 ], [ 85.426192983696126, 28.093132561924168 ], [ 85.426233312760132, 28.093197344412825 ], [ 85.426307141945927, 28.093249146628015 ], [ 85.42638479111281, 28.093287544567545 ], [ 85.426442590116437, 28.093312200086647 ], [ 85.426490894645212, 28.093325960999376 ], [ 85.426549412207009, 28.093334246870594 ], [ 85.426613731067278, 28.093337848906405 ], [ 85.426662884920916, 28.093339600391403 ], [ 85.42669609577041, 28.09333906411462 ], [ 85.42673227067138, 28.093327342638364 ], [ 85.42677681730072, 28.093301709669216 ], [ 85.426827430725098, 28.093247413635197 ], [ 85.426882624956477, 28.093154944211282 ], [ 85.426937347634066, 28.093037080896977 ], [ 85.426983761985525, 28.09291364611687 ], [ 85.427021778191204, 28.092784867062278 ], [ 85.427051396251045, 28.092650743732921 ], [ 85.427072292549781, 28.092514318112254 ], [ 85.427081633803027, 28.092402223074657 ], [ 85.427078521813087, 28.092320226896621 ], [ 85.427053102826164, 28.092250100133189 ], [ 85.427000198998371, 28.092182263773225 ], [ 85.4269242062133, 28.092129229178344 ] ] ] } },
{ "type": "Feature", "properties": { "GL_ID": "GL085437E28110N", "Area": 0.012084077612500001, "Elevation": 4571, "Type": "M(o)", "Country": "Nepal" }, "geometry": { "type": "Polygon", "coordinates": [ [ [ 85.43770517621715, 28.109614819896482 ], [ 85.437653677804178, 28.109608864297797 ], [ 85.437597274780387, 28.109613418579158 ], [ 85.437529661217638, 28.10964284624373 ], [ 85.43744453118768, 28.109711510794622 ], [ 85.437339393460036, 28.10980586616364 ], [ 85.437206151534099, 28.109881887630596 ], [ 85.437047919448673, 28.10994019800313 ], [ 85.436913276205303, 28.110032918501989 ], [ 85.436817169189453, 28.110176086425895 ], [ 85.436765203670632, 28.110349032343773 ], [ 85.436762984918118, 28.110531086824381 ], [ 85.436807710297273, 28.110712129242579 ], [ 85.436890271245204, 28.110859267565672 ], [ 85.437011835526505, 28.110968025363263 ], [ 85.437196692641919, 28.111013101071762 ], [ 85.43745231628418, 28.11098670959484 ], [ 85.437679096144109, 28.110891303237732 ], [ 85.437783961393393, 28.110729334305738 ], [ 85.43779400416787, 28.110518397117172 ], [ 85.437797273908416, 28.110315673205378 ], [ 85.437800232244911, 28.110127507423897 ], [ 85.437798830927647, 28.109979201336333 ], [ 85.437791824340877, 28.109878540039059 ], [ 85.437783766766017, 28.109804153442436 ], [ 85.4377792124846, 28.109734671456408 ], [ 85.437773023332852, 28.109673830927704 ], [ 85.437748500279042, 28.109633776606472 ], [ 85.43770517621715, 28.109614819896482 ] ] ] } },
{ "type": "Feature", "properties": { "GL_ID": "GL085442E28235N", "Area": 0.0233644378869, "Elevation": 4638, "Type": "M(o)", "Country": "Nepal" }, "geometry": { "type": "Polygon", "coordinates": [ [ [ 85.443618562486506, 28.235655042860284 ], [ 85.443619359334434, 28.235549553765171 ], [ 85.443609924316547, 28.235443572998062 ], [ 85.443592936198058, 28.235340923733304 ], [ 85.443563741048308, 28.235242123074102 ], [ 85.44351959228527, 28.235147476196403 ], [ 85.443457582261829, 28.235072767469717 ], [ 85.443374803331267, 28.235033781263667 ], [ 85.44328041076659, 28.235015869140678 ], [ 85.443189917670338, 28.234994210137355 ], [ 85.443103790283203, 28.234971576266961 ], [ 85.443022613525443, 28.234956741333125 ], [ 85.442939503987702, 28.23494505988231 ], [ 85.442822901408022, 28.234913016425313 ], [ 85.442675323486355, 28.234861297607495 ], [ 85.442548751831168, 28.234818988376333 ], [ 85.442452680799704, 28.234791988796694 ], [ 85.442354354858537, 28.234772109985382 ], [ 85.442241694132463, 28.234756444295325 ], [ 85.442101771036732, 28.234748611450183 ], [ 85.441926956176758, 28.234750747680771 ], [ 85.441777894761799, 28.234772228664838 ], [ 85.441715232001513, 28.23481530931269 ], [ 85.441697158813554, 28.234877548217749 ], [ 85.441652832031309, 28.234954808553137 ], [ 85.441589991251647, 28.235044267442497 ], [ 85.441533203125061, 28.235138320922882 ], [ 85.441486604478712, 28.235237341986764 ], [ 85.441462571885893, 28.235345043606284 ], [ 85.441462631225647, 28.23545936584474 ], [ 85.441486782497918, 28.235559887356203 ], [ 85.441534822252152, 28.23564050462517 ], [ 85.441603240966913, 28.235673141479587 ], [ 85.441690538194507, 28.23564842224124 ], [ 85.441782752143126, 28.235614954630481 ], [ 85.441871643066406, 28.235601425171012 ], [ 85.441963026258804, 28.235599941677489 ], [ 85.442062717013982, 28.23560261196565 ], [ 85.442164916992226, 28.235614929199301 ], [ 85.442259801228886, 28.235646201239717 ], [ 85.442344241672174, 28.235695521036856 ], [ 85.442410049438479, 28.23575996398932 ], [ 85.442460005018461, 28.235838682386657 ], [ 85.442508960300017, 28.235928582085531 ], [ 85.442558441162134, 28.236028747558578 ], [ 85.442605972290153, 28.236134847005133 ], [ 85.442651824951156, 28.23624420166027 ], [ 85.442710037231507, 28.236326980590825 ], [ 85.442785619099936, 28.236372290717327 ], [ 85.442873916626013, 28.236374961005307 ], [ 85.442972183227596, 28.236331939697372 ], [ 85.443065049913344, 28.236270226372596 ], [ 85.443137147691573, 28.236216820610821 ], [ 85.443198852539183, 28.23616470336912 ], [ 85.443267745971696, 28.236101981269087 ], [ 85.443343268500541, 28.236032485961964 ], [ 85.443423080444404, 28.235967330932681 ], [ 85.443502705892001, 28.235904583401236 ], [ 85.44356234232589, 28.235832485622836 ], [ 85.443599929809636, 28.235749511718836 ], [ 85.443618562486506, 28.235655042860284 ] ] ] } },
{ "type": "Feature", "properties": { "GL_ID": "GL085120E28274N", "Area": 0.041972921242599999, "Elevation": 4033, "Type": "E(c)", "Country": "Nepal" }, "geometry": { "type": "Polygon", "coordinates": [ [ [ 85.119698159959682, 28.273666954040607 ], [ 85.119377746582074, 28.273659515380924 ], [ 85.119064523908833, 28.273727968004092 ], [ 85.118876987033389, 28.273931291368285 ], [ 85.118829975128278, 28.274272193908757 ], [ 85.1188720448813, 28.27460605197496 ], [ 85.118980731964257, 28.274869711134162 ], [ 85.119146575927743, 28.275060729980563 ], [ 85.119356897142211, 28.275175836351259 ], [ 85.119600507948235, 28.275225728352893 ], [ 85.119834136962879, 28.275252094268925 ], [ 85.120058898925834, 28.275260916815849 ], [ 85.120357023874931, 28.27527926550982 ], [ 85.120756149292106, 28.275316238403381 ], [ 85.121138083140181, 28.27533610237975 ], [ 85.121384633382092, 28.275296512180038 ], [ 85.121516227722168, 28.275203647613527 ], [ 85.121593644883887, 28.275075895521407 ], [ 85.121623992919979, 28.274915642208555 ], [ 85.121637878418085, 28.274734497070366 ], [ 85.121643028259314, 28.27453556484647 ], [ 85.121612447102905, 28.274342159695149 ], [ 85.121525993347291, 28.27417167663566 ], [ 85.121390236748596, 28.274030473497248 ], [ 85.121220222049374, 28.273933109707343 ], [ 85.121018066406236, 28.2738776397706 ], [ 85.120794493357437, 28.273846369849366 ], [ 85.120551554362123, 28.273835160997237 ], [ 85.12028789520275, 28.273806095123405 ], [ 85.120002746582088, 28.273737631903774 ], [ 85.119698159959682, 28.273666954040607 ] ] ] } },
{ "type": "Feature", "properties": { "GL_ID": "GL085236E28282N", "Area": 0.011708168375099999, "Elevation": 4518, "Type": "E(o)", "Country": "Nepal" }, "geometry": { "type": "Polygon", "coordinates": [ [ [ 85.236572242077557, 28.282477838021745 ], [ 85.236482009312112, 28.282464101971925 ], [ 85.236412888201301, 28.282470015014439 ], [ 85.23633861541748, 28.282500267028865 ], [ 85.236239813973441, 28.282558318191832 ], [ 85.236138628997708, 28.282624099480362 ], [ 85.236065075721342, 28.282670409591105 ], [ 85.236008931906952, 28.282703708392319 ], [ 85.235945647963149, 28.282739618351059 ], [ 85.235873599111301, 28.282778504454146 ], [ 85.235790365190383, 28.282819156620572 ], [ 85.235699008685287, 28.282860494281351 ], [ 85.235625161065002, 28.282895194159664 ], [ 85.235574142759674, 28.282922294731748 ], [ 85.235544806481755, 28.282952121582976 ], [ 85.235536575317383, 28.282988465862555 ], [ 85.235536575317383, 28.283029346963197 ], [ 85.235536575317383, 28.283073498551914 ], [ 85.235536575317383, 28.28311639950596 ], [ 85.235536575317383, 28.283152767333149 ], [ 85.235538668429683, 28.283188873521393 ], [ 85.235547171698727, 28.283237669203011 ], [ 85.235563555535578, 28.283294523367434 ], [ 85.235592597469633, 28.283341520280601 ], [ 85.235639054098215, 28.283376505345586 ], [ 85.235731118336901, 28.283395801224966 ], [ 85.23586935401795, 28.283399665633681 ], [ 85.235990394780629, 28.283401006533893 ], [ 85.236074871487119, 28.283403878022341 ], [ 85.236174654077672, 28.283403093105164 ], [ 85.236318588256893, 28.283395767212031 ], [ 85.236469063412301, 28.283381900342594 ], [ 85.236588468931018, 28.283361492497189 ], [ 85.236684881610586, 28.28333915898833 ], [ 85.236772825034336, 28.283323199006702 ], [ 85.236850701895946, 28.28331075545367 ], [ 85.236912644939707, 28.283292440720629 ], [ 85.236960667478172, 28.283267363926488 ], [ 85.237008253079239, 28.283234299292076 ], [ 85.237055990431088, 28.28319327036553 ], [ 85.237087158182305, 28.283146665910632 ], [ 85.237097427514698, 28.283095319248272 ], [ 85.237098670300156, 28.283044626683477 ], [ 85.237096642597521, 28.282997199373881 ], [ 85.23709134440702, 28.282949515658061 ], [ 85.237082775728254, 28.282898561454203 ], [ 85.237060172731276, 28.282841804096279 ], [ 85.237006700251527, 28.282775282369304 ], [ 85.236934026082395, 28.282707426283025 ], [ 85.236874274265574, 28.282661181582007 ], [ 85.236827188395125, 28.282632445765785 ], [ 85.23678300410154, 28.282595587365563 ], [ 85.236737969480885, 28.282548982910669 ], [ 85.236669093002661, 28.282508363449097 ], [ 85.236572242077557, 28.282477838021745 ] ] ] } },
{ "type": "Feature", "properties": { "GL_ID": "GL085170E28292N", "Area": 0.21346948933500001, "Elevation": 4716, "Type": "M(l)", "Country": "Nepal" }, "geometry": { "type": "Polygon", "coordinates": [ [ [ 85.170462818956821, 28.289549117225707 ], [ 85.170177381225074, 28.289498408962515 ], [ 85.169898916173906, 28.289487320699948 ], [ 85.169696758150053, 28.289509680372646 ], [ 85.16944921098451, 28.289535190179379 ], [ 85.169065475463867, 28.289541244506893 ], [ 85.168683950793138, 28.289536108532392 ], [ 85.168443036177621, 28.289535394257886 ], [ 85.1682997809516, 28.289556055893115 ], [ 85.168196619292814, 28.289620816789352 ], [ 85.168132303183086, 28.289720613770157 ], [ 85.16810516074861, 28.289839285391285 ], [ 85.168104171752873, 28.290003738612658 ], [ 85.168104171752873, 28.29027628538876 ], [ 85.168100357055721, 28.290608935886095 ], [ 85.168081377759336, 28.290851619181414 ], [ 85.168049996772481, 28.291009275020372 ], [ 85.168019895200416, 28.291139885231416 ], [ 85.167992446648157, 28.291250425111233 ], [ 85.167967651115987, 28.29134685218094 ], [ 85.167944660893284, 28.291431427002006 ], [ 85.167917518458808, 28.291514078776174 ], [ 85.167885462443053, 28.291596534320945 ], [ 85.167852401733512, 28.291676839192686 ], [ 85.167819592197247, 28.291755579463199 ], [ 85.167790817135256, 28.291849149434487 ], [ 85.167767489397988, 28.291962258609658 ], [ 85.167753203906273, 28.29207453577288 ], [ 85.167749404907283, 28.29217716892072 ], [ 85.167749404907283, 28.29227461638277 ], [ 85.167749438920282, 28.292369431756075 ], [ 85.16775607147008, 28.292465654747449 ], [ 85.16777420043951, 28.29256629943859 ], [ 85.167826376497658, 28.292672692339469 ], [ 85.167935150313895, 28.292786159960201 ], [ 85.168083190918026, 28.292890878371228 ], [ 85.168247269995504, 28.292965639111742 ], [ 85.168423784776564, 28.293022995623119 ], [ 85.168606605058869, 28.293085239551715 ], [ 85.168790644579019, 28.293147295100315 ], [ 85.168964519422275, 28.293196580047098 ], [ 85.169121424357172, 28.293240229288809 ], [ 85.169242442880716, 28.293300942628946 ], [ 85.169341891881402, 28.293402665272939 ], [ 85.169480359112868, 28.293632695704449 ], [ 85.169650850963194, 28.293964671172887 ], [ 85.16978584886084, 28.294217218260314 ], [ 85.169882244533994, 28.294374042087156 ], [ 85.169985712310393, 28.294501999278111 ], [ 85.170101958537771, 28.294613057203268 ], [ 85.170199712117608, 28.294697443644225 ], [ 85.170275791518861, 28.294754530667323 ], [ 85.17040334055298, 28.294812693026874 ], [ 85.170603528434867, 28.294880761040702 ], [ 85.170789477920039, 28.294940760106332 ], [ 85.1709237432284, 28.294985060829219 ], [ 85.171032517044637, 28.295025366324015 ], [ 85.171130749423867, 28.295068301291224 ], [ 85.171232074376576, 28.295109321060519 ], [ 85.171346664428654, 28.295145034790096 ], [ 85.171469213540718, 28.295176768989677 ], [ 85.17159441567253, 28.295205850169456 ], [ 85.171721140543696, 28.295239060013387 ], [ 85.171847873264028, 28.295285487861804 ], [ 85.171968907485734, 28.295339482311423 ], [ 85.172074211968379, 28.295391012121176 ], [ 85.172159673745796, 28.295443028579545 ], [ 85.172216305516883, 28.295502721527555 ], [ 85.172286987304801, 28.295558505588136 ], [ 85.172500351329006, 28.295575069955934 ], [ 85.172808004831836, 28.295550572692374 ], [ 85.172988444198779, 28.295486968240716 ], [ 85.173036224721045, 28.295384068220979 ], [ 85.173038061427121, 28.295239886792785 ], [ 85.173011002717203, 28.295057438037986 ], [ 85.172988145930333, 28.294859890094134 ], [ 85.172976293681529, 28.294651926299654 ], [ 85.172979354858455, 28.29443550109869 ], [ 85.172997831807663, 28.294214423955452 ], [ 85.173024157928353, 28.294038508327617 ], [ 85.173055790088881, 28.293922471411523 ], [ 85.173092728289134, 28.293814786013687 ], [ 85.17313465856239, 28.293693307005348 ], [ 85.173164862173564, 28.293576982286254 ], [ 85.173173873022336, 28.293476544290002 ], [ 85.173167750668711, 28.29338593345614 ], [ 85.173151016235295, 28.293300628662166 ], [ 85.173127649252308, 28.293224609437804 ], [ 85.173101629249459, 28.293161855313084 ], [ 85.173057132297174, 28.293104454323156 ], [ 85.172972949934604, 28.293041802237667 ], [ 85.172850871772937, 28.292952949618215 ], [ 85.1726942415591, 28.292801115248039 ], [ 85.172521436819522, 28.292613865416801 ], [ 85.172374398293073, 28.292455908693 ], [ 85.172237184312621, 28.292315377129512 ], [ 85.172057459220412, 28.292149393319733 ], [ 85.171835767225332, 28.291951259304369 ], [ 85.171587743877012, 28.291705991014965 ], [ 85.171334189479069, 28.291417212152624 ], [ 85.171174396049196, 28.291111400588644 ], [ 85.17110779844694, 28.290800235889662 ], [ 85.171031132974178, 28.29053932158547 ], [ 85.170928586167065, 28.290335175104758 ], [ 85.170841852823912, 28.290145450168211 ], [ 85.170779765878706, 28.289960183560996 ], [ 85.170713950577237, 28.289793247385202 ], [ 85.170632068021916, 28.28965003402152 ], [ 85.170462818956821, 28.289549117225707 ] ] ] } },
{ "type": "Feature", "properties": { "GL_ID": "GL085177E28301N", "Area": 0.072583912104500006, "Elevation": 4543, "Type": "M(e)", "Country": "Nepal" }, "geometry": { "type": "Polygon", "coordinates": [ [ [ 85.176199251931507, 28.301817468346485 ], [ 85.176650375062536, 28.301796109942927 ], [ 85.17683541609307, 28.301797843136224 ], [ 85.176957532034237, 28.301801890504919 ], [ 85.177107980253083, 28.301799250310864 ], [ 85.177459662460535, 28.301802749090484 ], [ 85.178125381469727, 28.301820755004943 ], [ 85.178777873385513, 28.301837907558593 ], [ 85.179089874312069, 28.30183884625535 ], [ 85.179212345878511, 28.301821228010741 ], [ 85.179376678801248, 28.30178146139389 ], [ 85.179557963302216, 28.301725855354452 ], [ 85.17969386711718, 28.301668838656951 ], [ 85.179784378054592, 28.301603966859943 ], [ 85.179837542437042, 28.301507719944087 ], [ 85.179858538946064, 28.301386742281924 ], [ 85.179870351898671, 28.301284448694787 ], [ 85.179876348065079, 28.301203532668183 ], [ 85.179877798778591, 28.301116660531189 ], [ 85.179875530580148, 28.301018599962276 ], [ 85.179877481119263, 28.300920341553027 ], [ 85.179885934268157, 28.300825735528349 ], [ 85.179890188881757, 28.300742666942543 ], [ 85.179884849629161, 28.300674930639392 ], [ 85.179837341810298, 28.300618084614261 ], [ 85.179724125203904, 28.300568918837033 ], [ 85.179593517451224, 28.300526628013579 ], [ 85.179499562418982, 28.300490311413 ], [ 85.179418163982234, 28.300459341379511 ], [ 85.17930842177384, 28.300432655565775 ], [ 85.179174138996416, 28.300403879192174 ], [ 85.179026519756007, 28.300357090634581 ], [ 85.178874360635689, 28.300300125835467 ], [ 85.178748331425311, 28.30026490641308 ], [ 85.17863619423332, 28.300251838845785 ], [ 85.178452209628745, 28.300246206663981 ], [ 85.178184937002811, 28.300243851387961 ], [ 85.177853320966847, 28.300227722867422 ], [ 85.177462039331658, 28.300194718700201 ], [ 85.177012293768939, 28.30016286395789 ], [ 85.176507453834972, 28.300138952786202 ], [ 85.176075726377462, 28.30013449092792 ], [ 85.175785555118523, 28.30015561178357 ], [ 85.175602436065617, 28.300196170806885 ], [ 85.175498679574218, 28.300251236965096 ], [ 85.175447354619848, 28.300315499915257 ], [ 85.175414902524778, 28.300382342453531 ], [ 85.175398295077287, 28.300445300632475 ], [ 85.175392053352084, 28.300492320816659 ], [ 85.175396269651401, 28.300528787190782 ], [ 85.175411544811027, 28.300570321483747 ], [ 85.175435916797596, 28.300619518957205 ], [ 85.175461176279555, 28.300683325968972 ], [ 85.175489052967009, 28.300759876270721 ], [ 85.175536182868939, 28.300832533853796 ], [ 85.175602910116481, 28.300897834769561 ], [ 85.175661694489747, 28.300950145791209 ], [ 85.175705880122678, 28.300988908925262 ], [ 85.175751388638957, 28.301034173624089 ], [ 85.175804098476306, 28.301094041243406 ], [ 85.175834795086018, 28.301174354692595 ], [ 85.175826252769468, 28.30127853960613 ], [ 85.17579873797672, 28.301377322222663 ], [ 85.175770369823056, 28.301444530487061 ], [ 85.175735441588301, 28.301485514449272 ], [ 85.175686056375412, 28.301507677450275 ], [ 85.175622983253959, 28.30151707417264 ], [ 85.17554791187888, 28.301526095416083 ], [ 85.175465708496461, 28.301539530451066 ], [ 85.175391027229068, 28.301570812222511 ], [ 85.175327526730712, 28.301622539824113 ], [ 85.175287284669992, 28.301702341256771 ], [ 85.175303622873514, 28.301800635193676 ], [ 85.175604469154564, 28.301842084150451 ], [ 85.176199251931507, 28.301817468346485 ] ] ] } },
{ "type": "Feature", "properties": { "GL_ID": "GL085238E28340N", "Area": 0.0061220834168799997, "Elevation": 4905, "Type": "E(c)", "Country": "China" }, "geometry": { "type": "Polygon", "coordinates": [ [ [ 85.238345027675336, 28.340042351265712 ], [ 85.238242138066994, 28.340037450282633 ], [ 85.23813977890461, 28.340044371475134 ], [ 85.238046979057685, 28.340056072325353 ], [ 85.237957249026294, 28.340078195876742 ], [ 85.23786143861588, 28.340118698819932 ], [ 85.237763241198024, 28.340178551758527 ], [ 85.237681552503261, 28.340262350951544 ], [ 85.237619185588812, 28.340370268511442 ], [ 85.237584114074764, 28.340484142303577 ], [ 85.237580451739575, 28.340594602054463 ], [ 85.237600199569613, 28.340692506033974 ], [ 85.237627853303366, 28.340760135086331 ], [ 85.237664922454655, 28.340798519066766 ], [ 85.237725195800067, 28.340818382579243 ], [ 85.237811328391444, 28.340821872801548 ], [ 85.237910987357509, 28.340810978906521 ], [ 85.238015425981132, 28.34078711165489 ], [ 85.238126991768638, 28.340749548737104 ], [ 85.2382518836028, 28.340696382804651 ], [ 85.238385781733939, 28.340626112808078 ], [ 85.238477247001128, 28.340523257058067 ], [ 85.238512039184627, 28.340383529663089 ], [ 85.238508749290418, 28.34024634728064 ], [ 85.23847951268317, 28.340144670926691 ], [ 85.238424605871785, 28.340077671073576 ], [ 85.238345027675336, 28.340042351265712 ] ] ] } },
{ "type": "Feature", "properties": { "GL_ID": "GL085231E28341N", "Area": 0.0152746438885, "Elevation": 4851, "Type": "E(o)", "Country": "China" }, "geometry": { "type": "Polygon", "coordinates": [ [ [ 85.231837591737303, 28.340746483865928 ], [ 85.231759224586995, 28.340746048492974 ], [ 85.231633155693032, 28.340798880066927 ], [ 85.231473403526877, 28.340880738314187 ], [ 85.231303721610004, 28.340950549437654 ], [ 85.231138456521251, 28.341007110076479 ], [ 85.231022969085473, 28.341048697668157 ], [ 85.230955881071907, 28.341079596535618 ], [ 85.230905018141357, 28.341129001913203 ], [ 85.230864782639856, 28.341200408502853 ], [ 85.230840212456087, 28.341261909679588 ], [ 85.230833053588981, 28.341302139772662 ], [ 85.230833053588981, 28.341346263885562 ], [ 85.230833053588981, 28.341411853783139 ], [ 85.230833053588981, 28.341488496567703 ], [ 85.230833053588981, 28.341561279585335 ], [ 85.230833053588981, 28.341637591558488 ], [ 85.230833053588981, 28.341738143805514 ], [ 85.230841997215123, 28.341857156591288 ], [ 85.230908741797748, 28.341956497365462 ], [ 85.231036747786504, 28.342030132200019 ], [ 85.231174912479673, 28.342074615968894 ], [ 85.231307706670634, 28.342089180684923 ], [ 85.231447007119868, 28.342091641489272 ], [ 85.23159982306305, 28.342092512235414 ], [ 85.231739473252787, 28.342092514038029 ], [ 85.231833873489165, 28.342092514038026 ], [ 85.231900033067461, 28.342086745119733 ], [ 85.231978040561785, 28.342061663845811 ], [ 85.232060607304561, 28.342020341263837 ], [ 85.232106870424104, 28.341979359408757 ], [ 85.232114503424327, 28.341940012681281 ], [ 85.232111001510532, 28.341894696024728 ], [ 85.232103495606907, 28.341840246449348 ], [ 85.23209094550532, 28.341734015423242 ], [ 85.232072830200309, 28.341554641723743 ], [ 85.232053522351464, 28.341364042970785 ], [ 85.232037394619283, 28.341217170816321 ], [ 85.232024968008432, 28.341108554703059 ], [ 85.232017282727554, 28.34102727244624 ], [ 85.232012539594905, 28.340967689434819 ], [ 85.232003718558246, 28.340909330515895 ], [ 85.23198954324414, 28.340852147915541 ], [ 85.23196527592853, 28.340812131452651 ], [ 85.231930013415081, 28.340791997026258 ], [ 85.231887006128659, 28.340772783823866 ], [ 85.231837591737303, 28.340746483865928 ] ] ] } },
{ "type": "Feature", "properties": { "GL_ID": "GL085227E28346N", "Area": 0.025572258476699999, "Elevation": 4861, "Type": "E(c)", "Country": "China" }, "geometry": { "type": "Polygon", "coordinates": [ [ [ 85.22839546203619, 28.345642060999293 ], [ 85.228394153212776, 28.345538476464412 ], [ 85.2283843857129, 28.345453521930491 ], [ 85.228364017825584, 28.345388001440138 ], [ 85.228319269046892, 28.34534650849486 ], [ 85.228246134485687, 28.345330326678834 ], [ 85.228158965227919, 28.345331538151697 ], [ 85.228066230766785, 28.345345470089629 ], [ 85.227944134313816, 28.345389429247522 ], [ 85.227764060231436, 28.345484226998504 ], [ 85.22754556335002, 28.345590908721139 ], [ 85.22733469135602, 28.345617920780054 ], [ 85.227141407351951, 28.345579497079537 ], [ 85.227002428700246, 28.345557955577817 ], [ 85.226921474550522, 28.345567829442242 ], [ 85.226890354841601, 28.345653579005219 ], [ 85.226907023410149, 28.345826767342825 ], [ 85.226974600880339, 28.34608687435076 ], [ 85.227094650268555, 28.346433639526481 ], [ 85.227232985325202, 28.346760131460936 ], [ 85.227355419800745, 28.346959418745769 ], [ 85.227464037716857, 28.347073181815805 ], [ 85.227562999905672, 28.347184637318605 ], [ 85.227652421745915, 28.347288171375112 ], [ 85.227732303237246, 28.347353363758202 ], [ 85.227804907778989, 28.347380135145045 ], [ 85.227888594052331, 28.347392174156429 ], [ 85.227986529554016, 28.347394853097963 ], [ 85.22807812825954, 28.347392505869433 ], [ 85.228154656567142, 28.347386949679784 ], [ 85.228233023717394, 28.347364310280796 ], [ 85.228327291448977, 28.347313049835691 ], [ 85.22841526384849, 28.347244850403964 ], [ 85.228459331173553, 28.347179506586652 ], [ 85.22846735718133, 28.347112396038423 ], [ 85.228466902878949, 28.347027441504395 ], [ 85.228460088344093, 28.346925930174734 ], [ 85.228446913576818, 28.346824545040132 ], [ 85.228427897779738, 28.346726469822329 ], [ 85.228411997198407, 28.346633943583019 ], [ 85.228402442427409, 28.346547489130334 ], [ 85.228397369384822, 28.346429824829098 ], [ 85.228395476458445, 28.346254918435594 ], [ 85.22839546203619, 28.346059540494537 ], [ 85.22839546203619, 28.345896351314877 ], [ 85.22839546203619, 28.345761296429203 ], [ 85.22839546203619, 28.345642060999293 ] ] ] } },
{ "type": "Feature", "properties": { "GL_ID": "GL085184E28365N", "Area": 0.0084412299776000007, "Elevation": 4494, "Type": "M(l)", "Country": "China" }, "geometry": { "type": "Polygon", "coordinates": [ [ [ 85.184249752635992, 28.364701782147336 ], [ 85.184162053358818, 28.364698961686994 ], [ 85.184089953597436, 28.364715181361472 ], [ 85.184037614184319, 28.364755122107344 ], [ 85.183999818755126, 28.364815410008422 ], [ 85.18395609215662, 28.364882589964047 ], [ 85.183906094563667, 28.364956138264805 ], [ 85.183863446933344, 28.365042569281286 ], [ 85.18383122482021, 28.36514283758925 ], [ 85.183811595174063, 28.365245566701617 ], [ 85.183805465698242, 28.365345898107361 ], [ 85.183805465698242, 28.365437761822367 ], [ 85.183805465698242, 28.365516110043469 ], [ 85.18381130672816, 28.365588244057793 ], [ 85.183832886088339, 28.365666535491187 ], [ 85.183866832567389, 28.365743943558872 ], [ 85.183901662411984, 28.365796926566929 ], [ 85.183938926018925, 28.365825746821198 ], [ 85.183994710558068, 28.365844108206659 ], [ 85.184070370823861, 28.365854681552268 ], [ 85.184138478313457, 28.365860265685061 ], [ 85.184189138430611, 28.365861863855688 ], [ 85.18422794342041, 28.365858078002987 ], [ 85.184258798119629, 28.365847931917813 ], [ 85.184295694859713, 28.365832727212364 ], [ 85.184358672518897, 28.36581432796828 ], [ 85.18443754264672, 28.36579132891336 ], [ 85.184503757209995, 28.365759811689884 ], [ 85.184554570564046, 28.365720857969961 ], [ 85.184584024497894, 28.365681617607041 ], [ 85.184592277656634, 28.365642863095214 ], [ 85.184593110544313, 28.365600575120883 ], [ 85.184590811990802, 28.365553370946433 ], [ 85.184588351186619, 28.365492343001282 ], [ 85.184587480440484, 28.365412234358697 ], [ 85.184587478637809, 28.365329630658835 ], [ 85.184587478637809, 28.365264476134371 ], [ 85.184586324854081, 28.365205966682712 ], [ 85.18458130859932, 28.365128640641842 ], [ 85.184573615205807, 28.36503727990436 ], [ 85.184569166828851, 28.364958534168746 ], [ 85.184566962921792, 28.36489511212244 ], [ 85.184549453353213, 28.364841163721849 ], [ 85.184511866145897, 28.364795122344958 ], [ 85.184446919843367, 28.364755427679601 ], [ 85.18435096740734, 28.364721298217827 ], [ 85.184249752635992, 28.364701782147336 ] ] ] } },
{ "type": "Feature", "properties": { "GL_ID": "GL085173E28373N", "Area": 0.012993535460699999, "Elevation": 4572, "Type": "M(o)", "Country": "China" }, "geometry": { "type": "Polygon", "coordinates": [ [ [ 85.173734664917049, 28.373250961303771 ], [ 85.173469106281175, 28.373246266846483 ], [ 85.173285435638718, 28.373267013319097 ], [ 85.173157863220354, 28.373308772175566 ], [ 85.173034898725575, 28.373362701646787 ], [ 85.172900947145422, 28.373421092114544 ], [ 85.172701603072824, 28.373455278364247 ], [ 85.172449243542019, 28.373467617539806 ], [ 85.17228777692543, 28.373500156943525 ], [ 85.172245477232934, 28.373561503981872 ], [ 85.172243792528491, 28.37363703174265 ], [ 85.172249279310734, 28.37372048185097 ], [ 85.172269741844445, 28.373798413628261 ], [ 85.172311670162856, 28.373859649795349 ], [ 85.172375356317332, 28.373910907536352 ], [ 85.17246129517298, 28.373963568746998 ], [ 85.17257391167044, 28.374010046398272 ], [ 85.172727560501357, 28.374025076233409 ], [ 85.172914422076815, 28.374009238749746 ], [ 85.173075510107935, 28.373979216938043 ], [ 85.173201973812297, 28.373938778623089 ], [ 85.173327399111429, 28.373900238642822 ], [ 85.173463998084287, 28.373868069711879 ], [ 85.173617362976074, 28.373843669891361 ], [ 85.173791398623507, 28.37382801539059 ], [ 85.173957794961098, 28.373818177581938 ], [ 85.174076008210932, 28.373809962281715 ], [ 85.174160530075994, 28.373797861074028 ], [ 85.174252223427743, 28.373766760294302 ], [ 85.17434724021723, 28.373719710258229 ], [ 85.174411618641955, 28.373678160525003 ], [ 85.174441589975629, 28.373644649419081 ], [ 85.174454954035696, 28.373609989937965 ], [ 85.174457285039182, 28.37357152567472 ], [ 85.174454521366727, 28.373539648795258 ], [ 85.174450167636166, 28.373520492380688 ], [ 85.174443863290151, 28.373502518594478 ], [ 85.174435174758287, 28.373471853187709 ], [ 85.17442133205833, 28.373431928667173 ], [ 85.174395834340601, 28.373390871094898 ], [ 85.174359319791563, 28.373351095304201 ], [ 85.174315933919956, 28.373322076743474 ], [ 85.174265899369743, 28.373304291348465 ], [ 85.174206291119503, 28.373290719066517 ], [ 85.174134602393451, 28.373279430915833 ], [ 85.173987900602469, 28.373266786168017 ], [ 85.173734664917049, 28.373250961303771 ] ] ] } },
{ "type": "Feature", "properties": { "GL_ID": "GL085172E28375N", "Area": 0.00353450446836, "Elevation": 4608, "Type": "M(o)", "Country": "China" }, "geometry": { "type": "Polygon", "coordinates": [ [ [ 85.172368049621639, 28.374878525733997 ], [ 85.172295033931789, 28.374873675406036 ], [ 85.172217011451778, 28.374878197908405 ], [ 85.172148376703376, 28.374890036881027 ], [ 85.172094345092887, 28.374908447265739 ], [ 85.172048710286731, 28.374931238591731 ], [ 85.172005265951157, 28.374956220388409 ], [ 85.171968296170292, 28.374983951449455 ], [ 85.171949625015372, 28.375015974044853 ], [ 85.17194826155901, 28.375053048133907 ], [ 85.171950608491954, 28.375100612640384 ], [ 85.171953752637023, 28.375159673392766 ], [ 85.17196178436285, 28.375218868255612 ], [ 85.171977117657661, 28.375271491706489 ], [ 85.171997874975318, 28.3753196895122 ], [ 85.172020874917564, 28.375367097556651 ], [ 85.172047853469905, 28.375415205955509 ], [ 85.172086969018039, 28.375470541417599 ], [ 85.17213973402977, 28.375532239675639 ], [ 85.172214888036365, 28.375571511685791 ], [ 85.17231559753418, 28.375577926635799 ], [ 85.172407545149383, 28.375558108091301 ], [ 85.172456413507462, 28.375512003898677 ], [ 85.172473378479424, 28.375444270670418 ], [ 85.172489285469112, 28.375367760658378 ], [ 85.172504983842373, 28.375283218920337 ], [ 85.172512859106064, 28.375190645456428 ], [ 85.17251131683588, 28.375090420246238 ], [ 85.1725049018861, 28.375005722045952 ], [ 85.17249629646534, 28.374950230121673 ], [ 85.172477185726223, 28.374916702508987 ], [ 85.172433480620384, 28.374892868101654 ], [ 85.172368049621639, 28.374878525733997 ] ] ] } },
{ "type": "Feature", "properties": { "GL_ID": "GL085166E28377N", "Area": 0.027843229534400001, "Elevation": 4686, "Type": "M(l)", "Country": "China" }, "geometry": { "type": "Polygon", "coordinates": [ [ [ 85.167152702399619, 28.376015645486291 ], [ 85.167103779168826, 28.376007009435686 ], [ 85.167042637394729, 28.376011964224972 ], [ 85.166966463149151, 28.376029015895597 ], [ 85.166882297139125, 28.376055817545254 ], [ 85.166790785612989, 28.376094323617508 ], [ 85.166611530162641, 28.376278877258361 ], [ 85.166299819946289, 28.376684188842834 ], [ 85.166000226888173, 28.377135548899162 ], [ 85.165850258658509, 28.377451183701172 ], [ 85.165805492872039, 28.377658496668342 ], [ 85.165786049820611, 28.377806764244326 ], [ 85.165784835815543, 28.377908700778221 ], [ 85.165784835815543, 28.378000683254584 ], [ 85.165787820462924, 28.378084312250621 ], [ 85.165810337773053, 28.378154071760775 ], [ 85.165853818257688, 28.378209273020499 ], [ 85.165905720903083, 28.378251707602946 ], [ 85.165962333051311, 28.378281926912681 ], [ 85.166017179135963, 28.378301549840845 ], [ 85.166067131262309, 28.378311373078873 ], [ 85.166120113168802, 28.378319320364884 ], [ 85.166182906539291, 28.378332173382773 ], [ 85.166257410873584, 28.378345183384337 ], [ 85.166346597082907, 28.378350923090867 ], [ 85.16644605000829, 28.378351211547908 ], [ 85.166543723133884, 28.378351211547908 ], [ 85.166638430581088, 28.378348134672816 ], [ 85.166727731257254, 28.378327334368752 ], [ 85.166810458252655, 28.378287107365679 ], [ 85.16687874604321, 28.37822926878448 ], [ 85.16693202360176, 28.378151717009363 ], [ 85.167002093808435, 28.377994193952357 ], [ 85.167102193636254, 28.377731911930141 ], [ 85.167192459106559, 28.377492904663143 ], [ 85.167243478720138, 28.377371634966096 ], [ 85.167271861323627, 28.377317238246462 ], [ 85.167300118340449, 28.377260773270276 ], [ 85.167326250194094, 28.377201383169453 ], [ 85.167345235377297, 28.377137952053658 ], [ 85.167358922369601, 28.377066164840816 ], [ 85.167375781735643, 28.376968475362844 ], [ 85.167394750566416, 28.376847023172445 ], [ 85.167400572035035, 28.376732932196717 ], [ 85.16739077823155, 28.376632227982665 ], [ 85.167378562958675, 28.376535732232583 ], [ 85.167368759343731, 28.376440089425845 ], [ 85.167357901323442, 28.376348270473951 ], [ 85.167343772814945, 28.376262174875936 ], [ 85.167330518180961, 28.376193482198971 ], [ 85.167322979706, 28.376155838881342 ], [ 85.167310175745286, 28.376133566857618 ], [ 85.167269441816529, 28.376094288296258 ], [ 85.167207793770729, 28.376045227050895 ], [ 85.167152702399619, 28.376015645486291 ] ] ] } },
{ "type": "Feature", "properties": { "GL_ID": "GL085417E28389N", "Area": 0.010474596953300001, "Elevation": 3933, "Type": "E(o)", "Country": "China" }, "geometry": { "type": "Polygon", "coordinates": [ [ [ 85.417413695784717, 28.389257541372785 ], [ 85.417370110503896, 28.389254246861469 ], [ 85.417324160741316, 28.389260315698088 ], [ 85.417276855342607, 28.389278837472091 ], [ 85.417237526129156, 28.389330225542555 ], [ 85.417208316897643, 28.389418909372466 ], [ 85.41718506616013, 28.389527202637844 ], [ 85.4171657562257, 28.389646530151371 ], [ 85.417159450940858, 28.389772557030089 ], [ 85.417175214152735, 28.389900948390562 ], [ 85.4172027051942, 28.390022624622702 ], [ 85.417220596439677, 28.39011885903102 ], [ 85.417230795237742, 28.390190360959878 ], [ 85.417243799887387, 28.390242379559091 ], [ 85.417263078295548, 28.390277247783672 ], [ 85.417310210298922, 28.390311296321162 ], [ 85.417389719939422, 28.390348087657689 ], [ 85.417477678661498, 28.390374096957149 ], [ 85.417562484741325, 28.39038276672375 ], [ 85.417651231623893, 28.390383948964544 ], [ 85.41775101275482, 28.390387495687268 ], [ 85.417855775060843, 28.390383066224789 ], [ 85.417953034077868, 28.390349332951359 ], [ 85.418037871683964, 28.390288486953576 ], [ 85.418091624236411, 28.390212193008384 ], [ 85.418114480893394, 28.390123225440675 ], [ 85.418126855014862, 28.390035581982833 ], [ 85.418133775064803, 28.389952635962121 ], [ 85.418137321787412, 28.389873347006645 ], [ 85.418138504028377, 28.38979721069342 ], [ 85.418137321787412, 28.389728955986069 ], [ 85.418133775064803, 28.389673311848416 ], [ 85.418126855014862, 28.389624225206656 ], [ 85.418114480893394, 28.389569211597347 ], [ 85.418096164041401, 28.389509027654519 ], [ 85.41807015474177, 28.389448339288894 ], [ 85.418035696360732, 28.389388911980351 ], [ 85.417987539748538, 28.389342410505318 ], [ 85.417923935188867, 28.389311530373448 ], [ 85.417829277101646, 28.389291589910442 ], [ 85.417695999145508, 28.389280319213924 ], [ 85.417569420554514, 28.389271491815354 ], [ 85.417494860562556, 28.38926581705903 ], [ 85.417454916583551, 28.389262033888141 ], [ 85.417413695784717, 28.389257541372785 ] ] ] } },
{ "type": "Feature", "properties": { "GL_ID": "GL085418E28392N", "Area": 0.0039077060434000001, "Elevation": 3956, "Type": "E(o)", "Country": "China" }, "geometry": { "type": "Polygon", "coordinates": [ [ [ 85.418629425207257, 28.392097961531427 ], [ 85.418574654932399, 28.392095808339491 ], [ 85.418527319357111, 28.392098522516278 ], [ 85.418475741746136, 28.392120004937794 ], [ 85.418419465061618, 28.392163015979463 ], [ 85.418382761800217, 28.392242015851878 ], [ 85.418375015258846, 28.392362594604545 ], [ 85.41838102934679, 28.392482059637079 ], [ 85.418378876154804, 28.392557718349629 ], [ 85.418372149285972, 28.39260394515458 ], [ 85.418370144590028, 28.392657923450944 ], [ 85.418374226580056, 28.392719209400415 ], [ 85.418390511641519, 28.392771677987348 ], [ 85.418420532583013, 28.392811999601523 ], [ 85.418476540324718, 28.392831353580391 ], [ 85.418564474706443, 28.392825463238804 ], [ 85.418658141033973, 28.392806617446521 ], [ 85.41872372676761, 28.392790678875716 ], [ 85.418766048127907, 28.392774245318265 ], [ 85.418801192181434, 28.392746055827502 ], [ 85.418831168574002, 28.392705659965372 ], [ 85.418863119963589, 28.392656903778402 ], [ 85.41889869135565, 28.3926007755901 ], [ 85.418931484222412, 28.392540931701657 ], [ 85.418957594769211, 28.392479602853317 ], [ 85.41897033077629, 28.392412327565239 ], [ 85.41895872333896, 28.392331793234067 ], [ 85.418925420635787, 28.392244710229249 ], [ 85.418881960806118, 28.392179099746333 ], [ 85.418831076176616, 28.392137537365556 ], [ 85.41879207122696, 28.392114124496061 ], [ 85.418770793400142, 28.39210700493777 ], [ 85.418743866125169, 28.392105742721863 ], [ 85.418693179490162, 28.392102253065843 ], [ 85.418629425207257, 28.392097961531427 ] ] ] } },
{ "type": "Feature", "properties": { "GL_ID": "GL085401E28406N", "Area": 0.072265078485200002, "Elevation": 3896, "Type": "E(c)", "Country": "China" }, "geometry": { "type": "Polygon", "coordinates": [ [ [ 85.40224464318419, 28.407526550433147 ], [ 85.402353934786447, 28.40752335575559 ], [ 85.40245209055513, 28.407552009771795 ], [ 85.402592207993678, 28.407616519840364 ], [ 85.402737397683438, 28.40769321312035 ], [ 85.40282864215942, 28.407744384009046 ], [ 85.402897744577274, 28.407773693074265 ], [ 85.403009053870448, 28.407789330180492 ], [ 85.403140343910422, 28.407794542549141 ], [ 85.403233045607749, 28.407796728381072 ], [ 85.403291702270565, 28.407795800103205 ], [ 85.403338109166157, 28.407790475640358 ], [ 85.403377257978491, 28.407778390511393 ], [ 85.40342231974688, 28.407750983540272 ], [ 85.403471576280822, 28.407711549238794 ], [ 85.40351097730462, 28.407679490368711 ], [ 85.403541298718267, 28.407652027350935 ], [ 85.403578009487262, 28.407597549690646 ], [ 85.40362300119682, 28.407511818835872 ], [ 85.403670921360685, 28.407402863515753 ], [ 85.403719310918063, 28.407276547644759 ], [ 85.403754340277771, 28.407176335652593 ], [ 85.403772813010619, 28.407111072452778 ], [ 85.403781780526572, 28.407041013733419 ], [ 85.40378379821783, 28.406954000804152 ], [ 85.40378379821783, 28.406871611750148 ], [ 85.403783782454639, 28.40680187004671 ], [ 85.403783165937853, 28.406714941187776 ], [ 85.403781323393616, 28.406596016511799 ], [ 85.403752571295115, 28.406467500797074 ], [ 85.403680650765295, 28.4063435581653 ], [ 85.403529996495479, 28.40624973552832 ], [ 85.403272628784123, 28.406206130981506 ], [ 85.403026022092263, 28.406189877358546 ], [ 85.402907650880252, 28.406178107493819 ], [ 85.402857614942889, 28.406167668744562 ], [ 85.402799774464199, 28.406154553752291 ], [ 85.402743475277362, 28.406141494807059 ], [ 85.402704018206691, 28.40613286357285 ], [ 85.402668871498747, 28.406125756115845 ], [ 85.402612880570189, 28.406114322532858 ], [ 85.402542933944858, 28.406100927305719 ], [ 85.402477527124404, 28.406091735601763 ], [ 85.402421315511106, 28.406086391872751 ], [ 85.402385837775682, 28.406082973007418 ], [ 85.402351915343729, 28.406075042360328 ], [ 85.40224447329183, 28.40603889206119 ], [ 85.402078313275808, 28.405980338735105 ], [ 85.401957139715023, 28.405937518845807 ], [ 85.401885735868234, 28.405913642834207 ], [ 85.401812986894129, 28.405898622244823 ], [ 85.401732862488359, 28.405890174914877 ], [ 85.401664765413159, 28.40588361741862 ], [ 85.401611170492856, 28.405877893621383 ], [ 85.401554955376525, 28.40587234497076 ], [ 85.401491916540863, 28.405867059040364 ], [ 85.401427182284351, 28.405865882053828 ], [ 85.401362083722233, 28.405869777318742 ], [ 85.401288606137541, 28.40587196315067 ], [ 85.401203990967872, 28.405869870146542 ], [ 85.401127542893335, 28.405871103179951 ], [ 85.401068840692403, 28.405879496214478 ], [ 85.401013129998887, 28.405893956334122 ], [ 85.400951168315999, 28.405913788206131 ], [ 85.400890469441663, 28.405936487231205 ], [ 85.400836944580135, 28.405960083007866 ], [ 85.400786109973353, 28.405985920663628 ], [ 85.400733481863483, 28.406015345325613 ], [ 85.400679848410789, 28.406047962913927 ], [ 85.40062621145529, 28.406083272508457 ], [ 85.400574634226246, 28.406120585782332 ], [ 85.400528395471554, 28.406158809819605 ], [ 85.40048457724555, 28.406198226606421 ], [ 85.400437329645229, 28.406239421133481 ], [ 85.400385738404395, 28.406282156952269 ], [ 85.400327953972578, 28.406325817546019 ], [ 85.400269190470453, 28.406370798746821 ], [ 85.400225473829664, 28.406418382628885 ], [ 85.400195796956041, 28.406467605885101 ], [ 85.400172257226416, 28.406514517203497 ], [ 85.400152963055177, 28.406560298825184 ], [ 85.40013256195607, 28.406612310418431 ], [ 85.400110927823562, 28.406671047648672 ], [ 85.400091423476056, 28.406733820261021 ], [ 85.400074523561557, 28.406799407482708 ], [ 85.400059559019041, 28.406861787766211 ], [ 85.400046009662731, 28.406919495133252 ], [ 85.400029924180842, 28.406970553927973 ], [ 85.400010164118953, 28.407015489590432 ], [ 85.399985447402798, 28.407069687015852 ], [ 85.399955462271123, 28.407137615949981 ], [ 85.399922674790275, 28.407205713025181 ], [ 85.399888141096142, 28.407268445353793 ], [ 85.399853616159305, 28.407326397926507 ], [ 85.399820023003485, 28.407379992846643 ], [ 85.399790093918512, 28.407439066358961 ], [ 85.399765541840281, 28.407509764363901 ], [ 85.399745364929117, 28.407582569385109 ], [ 85.399728775024528, 28.407649993896431 ], [ 85.399714426998685, 28.407713383025797 ], [ 85.399700975724613, 28.407774081900133 ], [ 85.399690785683958, 28.407834060921179 ], [ 85.39968686239564, 28.407895824688072 ], [ 85.399690246231785, 28.407956292368741 ], [ 85.399702576566369, 28.408010545841027 ], [ 85.399726242401698, 28.408062074028972 ], [ 85.399765923660368, 28.408117896816574 ], [ 85.399816954431401, 28.408173159134325 ], [ 85.399867620897282, 28.408215530647738 ], [ 85.399919509887809, 28.408246358235708 ], [ 85.399979031775672, 28.408271411233784 ], [ 85.400046624428057, 28.408288106226507 ], [ 85.400122287844908, 28.408285247830865 ], [ 85.400205170812796, 28.408264459657406 ], [ 85.400291258967002, 28.408238453860747 ], [ 85.400380373657924, 28.408210990842747 ], [ 85.400474532576766, 28.408194849313755 ], [ 85.400575359334027, 28.408186323167744 ], [ 85.40069288984148, 28.408139916271981 ], [ 85.400830387084056, 28.408049323342031 ], [ 85.400999704996821, 28.407949447631839 ], [ 85.401199617552322, 28.407851367176253 ], [ 85.401366021022341, 28.407781364503993 ], [ 85.40147878753703, 28.407747007708171 ], [ 85.401561344731704, 28.407723636119272 ], [ 85.401623481561444, 28.407701098229321 ], [ 85.401672802899725, 28.407677054076828 ], [ 85.401713345880637, 28.40765041074593 ], [ 85.401759864870201, 28.407628272190607 ], [ 85.401821712707601, 28.407615048607283 ], [ 85.401922933545166, 28.407595712400905 ], [ 85.402082443237418, 28.40755844116217 ], [ 85.40224464318419, 28.407526550433147 ] ] ] } },
{ "type": "Feature", "properties": { "GL_ID": "GL085171E28430N", "Area": 0.02537976187, "Elevation": 4396, "Type": "E(o)", "Country": "China" }, "geometry": { "type": "Polygon", "coordinates": [ [ [ 85.171958327293396, 28.429560422897339 ], [ 85.171894586748635, 28.429552594820677 ], [ 85.171825197007934, 28.429556528727232 ], [ 85.17174619436264, 28.429570138454441 ], [ 85.171672688590149, 28.429594543245116 ], [ 85.171610342131828, 28.429630213313658 ], [ 85.171550750732422, 28.429683685302795 ], [ 85.171487953927908, 28.429759595129326 ], [ 85.171412017610407, 28.429859598477663 ], [ 85.171308934688625, 28.429986029863358 ], [ 85.171192804972293, 28.430131912231445 ], [ 85.171101123094559, 28.430278778076225 ], [ 85.171038269996757, 28.430423259735221 ], [ 85.171016232834972, 28.430553370052056 ], [ 85.171036826239799, 28.430668301052609 ], [ 85.17110180854803, 28.430777430534423 ], [ 85.171210408210811, 28.430882930755615 ], [ 85.171313236157175, 28.430968165397697 ], [ 85.171384811401367, 28.431024551391719 ], [ 85.171444366375681, 28.431069718466915 ], [ 85.171511133512013, 28.431121296352902 ], [ 85.171588867902869, 28.43118062615406 ], [ 85.171684847937797, 28.431250307295105 ], [ 85.171800394853108, 28.431321319606695 ], [ 85.171939611434993, 28.431360840797424 ], [ 85.172098812129775, 28.43136813905511 ], [ 85.172248628404532, 28.431359397040524 ], [ 85.172383397817612, 28.431338071823177 ], [ 85.172506478097773, 28.431308640374088 ], [ 85.172619127564985, 28.431272715330181 ], [ 85.172719478607291, 28.431218624115104 ], [ 85.172806206676796, 28.431138088305772 ], [ 85.172868715392326, 28.431042366557733 ], [ 85.172892063856125, 28.430947333574299 ], [ 85.172880172729492, 28.430854161580445 ], [ 85.172843674818637, 28.430765648683007 ], [ 85.17278778553009, 28.430680751800598 ], [ 85.172735879818674, 28.430593477355163 ], [ 85.172690550486209, 28.430504110124389 ], [ 85.172644764185065, 28.430424958467601 ], [ 85.172596772511838, 28.430358025762875 ], [ 85.17255437374115, 28.430248204204815 ], [ 85.172521591186523, 28.430067062377933 ], [ 85.172471579578314, 28.429882423745372 ], [ 85.172377493646422, 28.42976910538146 ], [ 85.1722567677499, 28.429704308509944 ], [ 85.17214319441058, 28.429643842909059 ], [ 85.172040392955239, 28.429590801397971 ], [ 85.171958327293396, 28.429560422897339 ] ] ] } },
{ "type": "Feature", "properties": { "GL_ID": "GL085388E28432N", "Area": 0.0096443149098800005, "Elevation": 4307, "Type": "E(o)", "Country": "China" }, "geometry": { "type": "Polygon", "coordinates": [ [ [ 85.388843559924567, 28.431537816554002 ], [ 85.388753137470871, 28.431490909906195 ], [ 85.388664669460695, 28.431493547227664 ], [ 85.388575565667736, 28.431558161606009 ], [ 85.388489193386533, 28.431675804985847 ], [ 85.388426462809321, 28.431789398193413 ], [ 85.388390034805241, 28.431890817336186 ], [ 85.388361777788248, 28.432010627087266 ], [ 85.388334274292049, 28.432161331176875 ], [ 85.388320334163723, 28.432317309909536 ], [ 85.388325985567178, 28.432446161906 ], [ 85.388348473442932, 28.432547675238826 ], [ 85.388381063202246, 28.432621331862382 ], [ 85.388423448727565, 28.432670216501496 ], [ 85.38847563001849, 28.432712978786927 ], [ 85.388537206767523, 28.432752279587763 ], [ 85.388599372204567, 28.432778276043223 ], [ 85.388658523559684, 28.432786941528267 ], [ 85.388716544634008, 28.432786941528263 ], [ 85.388775319229012, 28.432786941528263 ], [ 85.388831456502317, 28.432785246107414 ], [ 85.388876667729278, 28.432777710902943 ], [ 85.388911329669781, 28.43276282887399 ], [ 85.388939963446717, 28.432732688056152 ], [ 85.388964829621614, 28.432685734313228 ], [ 85.389019083093729, 28.432616787192337 ], [ 85.389116287231445, 28.432523727416989 ], [ 85.389208593486387, 28.432423132437354 ], [ 85.389248153309893, 28.432331579702861 ], [ 85.389247682359496, 28.432245890299559 ], [ 85.389238263354002, 28.432158293547502 ], [ 85.389219048582504, 28.432067400143577 ], [ 85.389176474677242, 28.431966993543941 ], [ 85.389108799121971, 28.431856367323235 ], [ 85.38902741891377, 28.431742774115666 ], [ 85.388936996460075, 28.43162918090832 ], [ 85.388843559924567, 28.431537816554002 ] ] ] } },
{ "type": "Feature", "properties": { "GL_ID": "GL085394E28437N", "Area": 0.0124259886968, "Elevation": 4728, "Type": "E(o)", "Country": "China" }, "geometry": { "type": "Polygon", "coordinates": [ [ [ 85.39405515371277, 28.436838496815085 ], [ 85.394002078978474, 28.43683357869304 ], [ 85.393944779703418, 28.436849341904917 ], [ 85.393883933705865, 28.436891461206923 ], [ 85.393832545635178, 28.436997389990555 ], [ 85.393796920776367, 28.437185287475646 ], [ 85.393770753844819, 28.437391706734779 ], [ 85.393747739555522, 28.437553200839947 ], [ 85.393716780607406, 28.437682380361078 ], [ 85.393654988817048, 28.437805254597382 ], [ 85.393576992444821, 28.437923037316242 ], [ 85.393545781285297, 28.438037478234151 ], [ 85.393565390720823, 28.438145992184499 ], [ 85.393610158242609, 28.438222916658386 ], [ 85.393673652459768, 28.438262513846492 ], [ 85.393749631140906, 28.438281429700623 ], [ 85.39383506774908, 28.438287734985462 ], [ 85.393920110276952, 28.438279853379527 ], [ 85.393994906717069, 28.438256208561711 ], [ 85.394075094175719, 28.438215791686503 ], [ 85.39419292418421, 28.438156522010047 ], [ 85.394336747729142, 28.438085146186779 ], [ 85.394454656553705, 28.438029659681032 ], [ 85.394543308857124, 28.437990062492929 ], [ 85.394623701237549, 28.437938359158178 ], [ 85.394700247394155, 28.437868197102265 ], [ 85.394750059143576, 28.43779466171901 ], [ 85.394762039184684, 28.437725067138725 ], [ 85.394748798086709, 28.43765389623724 ], [ 85.394722946419222, 28.437575631890411 ], [ 85.394688519564625, 28.437494561692002 ], [ 85.394653840498563, 28.437419528803677 ], [ 85.39461859395692, 28.437349666248625 ], [ 85.394580446984207, 28.437280308116616 ], [ 85.394539904003352, 28.437211706618601 ], [ 85.394503963880254, 28.437150860621042 ], [ 85.39447382461924, 28.437099157286074 ], [ 85.394432840268564, 28.437046192894286 ], [ 85.39437294006359, 28.436986923217827 ], [ 85.394306734573775, 28.436932382504889 ], [ 85.394246834368801, 28.436893605003725 ], [ 85.394193239448498, 28.436868573023276 ], [ 85.39414594981298, 28.43685312507569 ], [ 85.394102837428591, 28.436845432628278 ], [ 85.39405515371277, 28.436838496815085 ] ] ] } },
{ "type": "Feature", "properties": { "GL_ID": "GL085377E28442N", "Area": 0.0164372902398, "Elevation": 4038, "Type": "E(o)", "Country": "China" }, "geometry": { "type": "Polygon", "coordinates": [ [ [ 85.377487171331154, 28.442172789714789 ], [ 85.377418867935148, 28.442171119373938 ], [ 85.37728776875332, 28.442172202838268 ], [ 85.377065658569393, 28.442174911499137 ], [ 85.376844767282819, 28.442177620159782 ], [ 85.376717324792992, 28.442178703624108 ], [ 85.376652294362202, 28.442183804935325 ], [ 85.376592568391857, 28.442203307292917 ], [ 85.376535641371277, 28.442233824871089 ], [ 85.37647740516428, 28.442263620139553 ], [ 85.376418965808, 28.442293821707384 ], [ 85.376368855583621, 28.442336618547582 ], [ 85.37632858682673, 28.442393274702393 ], [ 85.376299333290262, 28.442453813270848 ], [ 85.376281320696194, 28.442515390159144 ], [ 85.376268319124279, 28.442588388567174 ], [ 85.376256942749023, 28.442678451538143 ], [ 85.37625044196318, 28.442773796397599 ], [ 85.376252067159669, 28.442862640471219 ], [ 85.376260125425574, 28.442945548063275 ], [ 85.376271501800773, 28.443023557493689 ], [ 85.37628901780721, 28.443094343828697 ], [ 85.376322063468706, 28.443150277673961 ], [ 85.376379588652071, 28.44319168632558 ], [ 85.376510958699896, 28.443224054821936 ], [ 85.376716275186936, 28.44324816190289 ], [ 85.376889900342917, 28.443262246938957 ], [ 85.377000041261908, 28.443265914917053 ], [ 85.377079405022812, 28.443265914917049 ], [ 85.377145767211971, 28.443265914917053 ], [ 85.377208066409935, 28.443262664524187 ], [ 85.377275241197253, 28.443252913345304 ], [ 85.377342212835117, 28.443240893663017 ], [ 85.377399636443556, 28.44323439287729 ], [ 85.377454893123513, 28.443223287368085 ], [ 85.37753263168787, 28.443174125174838 ], [ 85.377628044263872, 28.443091748028845 ], [ 85.377700907238875, 28.443020645683301 ], [ 85.377745329275626, 28.442967465643392 ], [ 85.377771874151222, 28.442922231008311 ], [ 85.377784017980446, 28.442881736529785 ], [ 85.377792143962836, 28.442839752287565 ], [ 85.377801895141715, 28.442792892455998 ], [ 85.377810427423128, 28.442725311369713 ], [ 85.37781489671346, 28.442621163362674 ], [ 85.377810506425703, 28.442497377564905 ], [ 85.37778843084044, 28.442385103575649 ], [ 85.377750464445057, 28.442290616458706 ], [ 85.377703062881494, 28.442232109385888 ], [ 85.377648246358774, 28.442206918840611 ], [ 85.377595156607526, 28.442190666875835 ], [ 85.377544594939593, 28.442179290500633 ], [ 85.377487171331154, 28.442172789714789 ] ] ] } },
{ "type": "Feature", "properties": { "GL_ID": "GL085341E28448N", "Area": 0.0054184615810199998, "Elevation": 4102, "Type": "M(o)", "Country": "China" }, "geometry": { "type": "Polygon", "coordinates": [ [ [ 85.341774851083812, 28.447745978832245 ], [ 85.341691069305, 28.447744525969028 ], [ 85.341607570648307, 28.447754383087162 ], [ 85.34152918308979, 28.447779573500267 ], [ 85.341458052396831, 28.447816610336304 ], [ 85.341397814452762, 28.447859585285247 ], [ 85.341348052024784, 28.447910308837891 ], [ 85.341306589543876, 28.447977483272613 ], [ 85.341274052858353, 28.44806116819381 ], [ 85.341265864670277, 28.448143884539601 ], [ 85.341287612915096, 28.448219299316406 ], [ 85.341326884925422, 28.448284491896622 ], [ 85.341371268034038, 28.448336541652793 ], [ 85.341422811150608, 28.448377683758849 ], [ 85.341487169265747, 28.448414087295586 ], [ 85.341563865542469, 28.448445908725319 ], [ 85.341646373271999, 28.448471516370773 ], [ 85.341733157634792, 28.448490440845543 ], [ 85.341817855835075, 28.448495864868217 ], [ 85.341896712780056, 28.448483765125278 ], [ 85.341967850923595, 28.448455482721332 ], [ 85.342028088867664, 28.448413290083522 ], [ 85.342075824737663, 28.448361396789554 ], [ 85.342103987932262, 28.448318839073295 ], [ 85.342112123966331, 28.448285549879131 ], [ 85.342107430100441, 28.44821988791222 ], [ 85.342092514038086, 28.44810676574707 ], [ 85.342066280543804, 28.447982326150001 ], [ 85.342027634382305, 28.44788271188736 ], [ 85.341977506876049, 28.447809413075561 ], [ 85.341918468475399, 28.447766542434803 ], [ 85.341850735247135, 28.447751924395622 ], [ 85.341774851083812, 28.447745978832245 ] ] ] } },
{ "type": "Feature", "properties": { "GL_ID": "GL085432E28473N", "Area": 0.023087581506900001, "Elevation": 5042, "Type": "M(e)", "Country": "China" }, "geometry": { "type": "Polygon", "coordinates": [ [ [ 85.433980928572851, 28.472849637991889 ], [ 85.43391799266783, 28.472831369683941 ], [ 85.433844523446339, 28.472831759073408 ], [ 85.43378285470726, 28.472842741177541 ], [ 85.43373818711018, 28.472862408648041 ], [ 85.433694258693208, 28.472895988543538 ], [ 85.433643717254427, 28.472945526809433 ], [ 85.433531995463113, 28.47300381643964 ], [ 85.43332481384283, 28.473066329956161 ], [ 85.43310791728419, 28.473110891956079 ], [ 85.432967050677803, 28.473122507643158 ], [ 85.432869551503529, 28.473126724929614 ], [ 85.432763426361646, 28.47316421191999 ], [ 85.432650622199503, 28.473223372726753 ], [ 85.432537527645366, 28.473274587347358 ], [ 85.432424928077808, 28.473315354449593 ], [ 85.432314684646883, 28.473341331350063 ], [ 85.432204863604511, 28.473353580620081 ], [ 85.432082793291897, 28.473360972421062 ], [ 85.431951351231817, 28.473368430220269 ], [ 85.431862649620598, 28.473411936248507 ], [ 85.431828726534206, 28.473499159499568 ], [ 85.431809507851767, 28.473588283499275 ], [ 85.431788665613226, 28.473662293906155 ], [ 85.431771347679501, 28.473728397725836 ], [ 85.431760787963867, 28.47379112243658 ], [ 85.431773459622661, 28.473845399374905 ], [ 85.431825835812049, 28.473886159877051 ], [ 85.431895925924437, 28.473918901595372 ], [ 85.431948724502604, 28.473952375893756 ], [ 85.43199114816008, 28.473986694969479 ], [ 85.432041201212087, 28.474021858822653 ], [ 85.4320960721343, 28.474057372466056 ], [ 85.432142112494432, 28.474091374750458 ], [ 85.432180021873364, 28.474123476285907 ], [ 85.432221838347346, 28.474152409906534 ], [ 85.432269627660332, 28.474178736597594 ], [ 85.4323240101956, 28.474210521341714 ], [ 85.432384517366074, 28.4742496714872 ], [ 85.432437210347075, 28.474290959975402 ], [ 85.432476591486477, 28.474332215464187 ], [ 85.432518619154564, 28.474370864023399 ], [ 85.432573318481445, 28.474405288696289 ], [ 85.43263097452882, 28.474424084990062 ], [ 85.432681872358046, 28.474415848411859 ], [ 85.432730216056029, 28.47438769357024 ], [ 85.432782697842754, 28.474350945759909 ], [ 85.432835839611585, 28.4743119276107 ], [ 85.432880929597218, 28.474285739515945 ], [ 85.432921531703755, 28.474270427928388 ], [ 85.432972535130148, 28.474256066715043 ], [ 85.433035576632278, 28.474241705501814 ], [ 85.433111923376146, 28.474227344288629 ], [ 85.433198579042426, 28.474213458262629 ], [ 85.433262042933279, 28.474205010489982 ], [ 85.433296414807728, 28.474200760204546 ], [ 85.433367904082274, 28.474144371323227 ], [ 85.433502857247902, 28.474013628844197 ], [ 85.433643618257008, 28.473873395820934 ], [ 85.433753967285213, 28.473764419555771 ], [ 85.43385755809544, 28.473652908958741 ], [ 85.433978044450555, 28.473505072940156 ], [ 85.434079529917369, 28.47333902141224 ], [ 85.434104873234844, 28.473183582398402 ], [ 85.434079001931707, 28.473050292388052 ], [ 85.434064640718304, 28.472966448245923 ], [ 85.434057380913828, 28.472923556001149 ], [ 85.434029925653363, 28.472885013039274 ], [ 85.433980928572851, 28.472849637991889 ] ] ] } },
{ "type": "Feature", "properties": { "GL_ID": "GL085443E28477N", "Area": 0.011204425300200001, "Elevation": 4669, "Type": "E(o)", "Country": "China" }, "geometry": { "type": "Polygon", "coordinates": [ [ [ 85.443959886318112, 28.476737290579987 ], [ 85.443850717426756, 28.476730782308717 ], [ 85.443687415417344, 28.476737363838883 ], [ 85.443542598206307, 28.476838470977039 ], [ 85.44345664978033, 28.477079391479609 ], [ 85.443402441440867, 28.477385574571084 ], [ 85.443345780235347, 28.477675405222499 ], [ 85.443298781359601, 28.47791167247448 ], [ 85.443283230188968, 28.478027464103889 ], [ 85.443294840421572, 28.478054511040174 ], [ 85.443318943918541, 28.478095490255551 ], [ 85.44335747877102, 28.478153195400917 ], [ 85.443426992994716, 28.478202498008272 ], [ 85.443526479933041, 28.47823911243017 ], [ 85.443615927781252, 28.478258261137682 ], [ 85.443684117457224, 28.478258686301217 ], [ 85.443731048960728, 28.478243086073235 ], [ 85.443756743223048, 28.478212785655444 ], [ 85.443775286890457, 28.478179230448116 ], [ 85.443798736289693, 28.478152216216699 ], [ 85.443824558755296, 28.478125094713441 ], [ 85.443848793071709, 28.478087467748257 ], [ 85.443870332505924, 28.478043238321899 ], [ 85.443886308840149, 28.478003305662806 ], [ 85.443898869476584, 28.47796635568886 ], [ 85.443918999330492, 28.477923234303834 ], [ 85.443946880241185, 28.477873800876864 ], [ 85.443971016443015, 28.477827736052749 ], [ 85.443988752953771, 28.477787041369762 ], [ 85.444003437445303, 28.477743347649429 ], [ 85.444016497158032, 28.477693167897197 ], [ 85.44402980804449, 28.477646350860706 ], [ 85.444044754174854, 28.477610162910306 ], [ 85.444060643513978, 28.477577683693482 ], [ 85.444076538085994, 28.477539533450344 ], [ 85.444095030079552, 28.477497076628481 ], [ 85.444122256892513, 28.477453660899464 ], [ 85.44415906623567, 28.477410604924327 ], [ 85.444207878269708, 28.477372749025104 ], [ 85.444265234781085, 28.477339429292893 ], [ 85.444302452935176, 28.477301491631344 ], [ 85.444314500759049, 28.47725746170482 ], [ 85.444319161204589, 28.477215370523599 ], [ 85.444322921611672, 28.477177984920562 ], [ 85.444318849854028, 28.477128469731436 ], [ 85.444302513766161, 28.477056061125953 ], [ 85.444276927430053, 28.476976206273264 ], [ 85.444245612506961, 28.4769069536888 ], [ 85.444210667341963, 28.47685068494178 ], [ 85.444176408979615, 28.476812256707145 ], [ 85.444142633341357, 28.476789471870919 ], [ 85.444108146044755, 28.47677396975752 ], [ 85.444071428275493, 28.476763878339682 ], [ 85.444023286691277, 28.476751842943539 ], [ 85.443959886318112, 28.476737290579987 ] ] ] } },
{ "type": "Feature", "properties": { "GL_ID": "GL085301E28482N", "Area": 0.0911591289483, "Elevation": 4420, "Type": "M(e)", "Country": "China" }, "geometry": { "type": "Polygon", "coordinates": [ [ [ 85.301396892417586, 28.480698815031758 ], [ 85.30124552021681, 28.480696140204827 ], [ 85.301101869219053, 28.480718006115463 ], [ 85.30097409620231, 28.480770499980906 ], [ 85.300869767894199, 28.480837324234244 ], [ 85.300791930481751, 28.480910697842091 ], [ 85.300709002852386, 28.480959039691186 ], [ 85.300600939534604, 28.480962337578489 ], [ 85.300481818958986, 28.480993254369196 ], [ 85.300364432430399, 28.481117809702198 ], [ 85.30027000629434, 28.481290944142298 ], [ 85.300226602250063, 28.481453088117863 ], [ 85.300219148478106, 28.481607240106481 ], [ 85.300219275359495, 28.481759519045795 ], [ 85.300232140936771, 28.481913313342204 ], [ 85.300272838175772, 28.482077075056797 ], [ 85.300339183528934, 28.482247057059112 ], [ 85.300420387684881, 28.482408027380814 ], [ 85.300507850296242, 28.48255846860155 ], [ 85.300561975826838, 28.482697731614397 ], [ 85.300581764439869, 28.482824135755095 ], [ 85.300603450601898, 28.482925387187038 ], [ 85.300635937679999, 28.483003038661248 ], [ 85.300694937574576, 28.483108625210889 ], [ 85.300783989815159, 28.483255216145665 ], [ 85.300876391262875, 28.483388811785119 ], [ 85.300961240166998, 28.483487240103724 ], [ 85.301053165809208, 28.483572715936759 ], [ 85.301160679307202, 28.4836581907382 ], [ 85.301275253295898, 28.483743190765498 ], [ 85.301389827284765, 28.483827323769162 ], [ 85.301504401273633, 28.483919611487753 ], [ 85.301618975262329, 28.484030949998612 ], [ 85.301728178708288, 28.484151569684229 ], [ 85.301822800582158, 28.484264673962343 ], [ 85.301919535600405, 28.484367496713389 ], [ 85.302058735172238, 28.48445410390627 ], [ 85.302226736843522, 28.484522357639435 ], [ 85.302372005580253, 28.484565973152939 ], [ 85.302499673378179, 28.484586627758063 ], [ 85.302653739231971, 28.484594674159496 ], [ 85.302832902606042, 28.484592194038839 ], [ 85.302988480464194, 28.484584380253523 ], [ 85.303113258355722, 28.484569736272366 ], [ 85.303230718898476, 28.48452097148493 ], [ 85.303347343622249, 28.484432118592792 ], [ 85.30346373624576, 28.484332759809718 ], [ 85.303579648679545, 28.484233990045649 ], [ 85.303673942776356, 28.484123571425751 ], [ 85.303735313188611, 28.4839950288677 ], [ 85.303768683021531, 28.483866085549778 ], [ 85.303777776195204, 28.483750147584942 ], [ 85.303774558769419, 28.48363648678168 ], [ 85.303772200888261, 28.483513295424874 ], [ 85.303762020195677, 28.483383240604436 ], [ 85.303730331542738, 28.483250533135386 ], [ 85.303683041107888, 28.483121562481188 ], [ 85.303633536178495, 28.48301029798472 ], [ 85.3035833081276, 28.482920071574544 ], [ 85.303535463231015, 28.482859580822378 ], [ 85.303481009665461, 28.482817849447603 ], [ 85.303380022569968, 28.482744649399251 ], [ 85.303237268252985, 28.482642832416168 ], [ 85.30311190933719, 28.482567010150145 ], [ 85.303011258271397, 28.482522708651512 ], [ 85.302905883190817, 28.48247089870819 ], [ 85.302790189447023, 28.48240278810357 ], [ 85.302694214170572, 28.48233554091189 ], [ 85.302627825492038, 28.482274850295653 ], [ 85.302564818257054, 28.482207613677421 ], [ 85.302492195364607, 28.482127124132429 ], [ 85.302400269722398, 28.482002790842103 ], [ 85.30228233337408, 28.481813430786136 ], [ 85.302182604520112, 28.481635511211554 ], [ 85.302145301360952, 28.481538224826412 ], [ 85.302139708517416, 28.481479558640331 ], [ 85.302121469302847, 28.481398840863562 ], [ 85.302095279879268, 28.481294457109076 ], [ 85.302071394438087, 28.481164128668244 ], [ 85.302048808758627, 28.481024489653066 ], [ 85.30202384482476, 28.480922741268387 ], [ 85.301987414878397, 28.480855456940787 ], [ 85.301904328647026, 28.480797683567349 ], [ 85.30177846117374, 28.480748552319252 ], [ 85.301652721613493, 28.480717815277558 ], [ 85.301531756871952, 28.480705529177438 ], [ 85.301396892417586, 28.480698815031758 ] ] ] } },
{ "type": "Feature", "properties": { "GL_ID": "GL085438E28482N", "Area": 0.056479373051099999, "Elevation": 4675, "Type": "M(o)", "Country": "China" }, "geometry": { "type": "Polygon", "coordinates": [ [ [ 85.438902788014786, 28.482591989632848 ], [ 85.439009155019448, 28.482560238288329 ], [ 85.43912222609373, 28.482561281546797 ], [ 85.439217099111602, 28.482589032221995 ], [ 85.439279179794255, 28.482639761798964 ], [ 85.439331124994055, 28.482683261141059 ], [ 85.439390182495117, 28.482696533203239 ], [ 85.439451462590455, 28.482724474386483 ], [ 85.439510075572628, 28.482811981092365 ], [ 85.439567937862364, 28.482928007309624 ], [ 85.439627566887623, 28.483031770703978 ], [ 85.439695179108185, 28.483116882451274 ], [ 85.439781288754887, 28.483172828320559 ], [ 85.439882226279508, 28.483206296505777 ], [ 85.439989672829824, 28.483232142100409 ], [ 85.440093136854387, 28.483255638095443 ], [ 85.440164450374482, 28.483289929547599 ], [ 85.440217411617311, 28.48332585846202 ], [ 85.440306505890419, 28.483328398569711 ], [ 85.440424158230201, 28.483299278050705 ], [ 85.440514078038177, 28.483260350902071 ], [ 85.440571436842447, 28.483212199987914 ], [ 85.440608903429109, 28.483142156521577 ], [ 85.440630222188986, 28.483052109708179 ], [ 85.440648637968991, 28.482974509421805 ], [ 85.44066648676062, 28.48291408661288 ], [ 85.440677282217791, 28.482843598627827 ], [ 85.440679550170898, 28.482756708805198 ], [ 85.440679550170898, 28.482677203438065 ], [ 85.440679550170898, 28.482613374163581 ], [ 85.440679550170898, 28.482555713721695 ], [ 85.440679441309157, 28.482499785995909 ], [ 85.440672583018682, 28.482442824083588 ], [ 85.440655035864893, 28.482383192790451 ], [ 85.440622268477171, 28.482320388630683 ], [ 85.440570831298942, 28.482254028320366 ], [ 85.440491833953388, 28.482167220144103 ], [ 85.440376386064258, 28.482043072386428 ], [ 85.440221038074526, 28.481927579138183 ], [ 85.440021258613967, 28.481881158672365 ], [ 85.43979531604532, 28.481877956322482 ], [ 85.439574199681147, 28.481873701642147 ], [ 85.439369120013964, 28.481867668886711 ], [ 85.439203250989294, 28.481859858055945 ], [ 85.439056296694559, 28.481851629921721 ], [ 85.438870043306736, 28.481846740214735 ], [ 85.43866003764515, 28.481843202207699 ], [ 85.438493089074996, 28.481833232285567 ], [ 85.438369376764342, 28.481818617595138 ], [ 85.438263073262362, 28.481810616256325 ], [ 85.438170105325185, 28.481812949980107 ], [ 85.43808513872699, 28.481839621109604 ], [ 85.438002059065582, 28.481893779831751 ], [ 85.437878482832275, 28.481982048569815 ], [ 85.437712037747701, 28.482100946016033 ], [ 85.437581857234591, 28.482194040958458 ], [ 85.437508139683928, 28.482247020345028 ], [ 85.437452701836378, 28.482288678109228 ], [ 85.437401852057803, 28.48232963053999 ], [ 85.437359749774714, 28.482375225470832 ], [ 85.437328134507311, 28.482428250216515 ], [ 85.437295938643899, 28.482508073096881 ], [ 85.437256600995738, 28.482626192635053 ], [ 85.437203576250113, 28.482797713398831 ], [ 85.437131881713924, 28.483034133911186 ], [ 85.437067616992351, 28.48325290067589 ], [ 85.437044248002621, 28.483364093884852 ], [ 85.437044143676815, 28.483417157185613 ], [ 85.437044143676815, 28.483477040221711 ], [ 85.437044143676815, 28.483535870927543 ], [ 85.437044143676815, 28.48357981478836 ], [ 85.437053199613956, 28.483624561504936 ], [ 85.43709092021129, 28.483704574893352 ], [ 85.437148680443272, 28.483815368942711 ], [ 85.437200816151119, 28.483941294775661 ], [ 85.437255024768263, 28.484076301493072 ], [ 85.437343738025277, 28.48420222732608 ], [ 85.437462388264407, 28.484317339558178 ], [ 85.437577201126714, 28.484420975947049 ], [ 85.437683901520302, 28.48450960982581 ], [ 85.437781822667262, 28.48456257106864 ], [ 85.437869792035542, 28.484579762153832 ], [ 85.437939200475114, 28.484588335016952 ], [ 85.437989181627472, 28.484594410863455 ], [ 85.438031410915812, 28.48459993559737 ], [ 85.438069340165043, 28.484604879735453 ], [ 85.438105473195321, 28.484599227996117 ], [ 85.43814059471822, 28.484579290419504 ], [ 85.438171139511951, 28.484543284394697 ], [ 85.438195406611044, 28.484490631593474 ], [ 85.438210075732229, 28.484436273291408 ], [ 85.43821319189982, 28.484388854926006 ], [ 85.438205762085374, 28.484310111591295 ], [ 85.438188552856502, 28.484170913696346 ], [ 85.438168676514692, 28.484029493207114 ], [ 85.438153245361264, 28.483944082090026 ], [ 85.438148008657379, 28.483885550754167 ], [ 85.438160518687027, 28.48381563429308 ], [ 85.438185584105725, 28.483743304730126 ], [ 85.438214350824012, 28.483684056720961 ], [ 85.438247771382237, 28.483627716227826 ], [ 85.438288222595304, 28.483551703508684 ], [ 85.438333971747113, 28.483466582689459 ], [ 85.438380011196898, 28.483403651524494 ], [ 85.438427887688647, 28.48336031547489 ], [ 85.438484087568781, 28.48332100731017 ], [ 85.43854482335513, 28.483282189023438 ], [ 85.438590227778093, 28.483233926979494 ], [ 85.438621185339059, 28.483173774057033 ], [ 85.438657699385431, 28.483094395695389 ], [ 85.438700246187238, 28.48299848849086 ], [ 85.43872564726297, 28.482917840075459 ], [ 85.438730920254102, 28.482857319744653 ], [ 85.438740064641365, 28.482792928017542 ], [ 85.438761002385377, 28.482718738732782 ], [ 85.438813138093167, 28.482649774812327 ], [ 85.438902788014786, 28.482591989632848 ] ] ] } },
{ "type": "Feature", "properties": { "GL_ID": "GL085430E28499N", "Area": 0.042446808563699999, "Elevation": 4933, "Type": "M(o)", "Country": "China" }, "geometry": { "type": "Polygon", "coordinates": [ [ [ 85.430332034087428, 28.498469029576423 ], [ 85.430219464613003, 28.498449283526263 ], [ 85.430068387363406, 28.498494810309353 ], [ 85.429895747791647, 28.498589586620596 ], [ 85.429740164015016, 28.498696698082824 ], [ 85.429604671327752, 28.498811247154041 ], [ 85.429494790794422, 28.498920964800561 ], [ 85.42941055087681, 28.499026248606238 ], [ 85.429349427709326, 28.499135301132927 ], [ 85.429309955313272, 28.499248898718974 ], [ 85.429281585910644, 28.499362077704294 ], [ 85.429261632311523, 28.499472957012188 ], [ 85.429250094516249, 28.499568734287326 ], [ 85.429247168689017, 28.499645406549636 ], [ 85.429267285174376, 28.499783371434145 ], [ 85.429319381713924, 28.500032424926818 ], [ 85.429399467587302, 28.500286324293601 ], [ 85.429496385068148, 28.500431659793144 ], [ 85.42960151562022, 28.500516312181563 ], [ 85.429700944268291, 28.500617586876842 ], [ 85.429788227799463, 28.500727269494121 ], [ 85.429847654232276, 28.500822083023937 ], [ 85.429882892892465, 28.500906122836405 ], [ 85.429911316590506, 28.500999864030067 ], [ 85.429939025689862, 28.501099771704556 ], [ 85.429993782709062, 28.501169880778658 ], [ 85.430078877343135, 28.501205497317866 ], [ 85.430175292590491, 28.501226251775567 ], [ 85.430277663266907, 28.501237748849295 ], [ 85.430387693112721, 28.501239988538941 ], [ 85.43050593778122, 28.501232998430176 ], [ 85.430607185328768, 28.501220238986036 ], [ 85.430673928081262, 28.501204113220414 ], [ 85.430727052294571, 28.501173192804512 ], [ 85.430790252265126, 28.501114512934809 ], [ 85.43086591918501, 28.50103575686347 ], [ 85.430958330138708, 28.500950825115979 ], [ 85.431051890055357, 28.500864452785887 ], [ 85.431102629207089, 28.500789117769447 ], [ 85.431117002629151, 28.500722727499802 ], [ 85.431135055885306, 28.500652767738419 ], [ 85.431159207753012, 28.500577758494842 ], [ 85.431172469430805, 28.500497699769141 ], [ 85.431172299976311, 28.500412066120873 ], [ 85.431170793275953, 28.50031360121795 ], [ 85.431171054682466, 28.500200287369694 ], [ 85.431146580982613, 28.500082615431207 ], [ 85.431084330745307, 28.499965820102428 ], [ 85.431009769439697, 28.499859333038444 ], [ 85.430942782357363, 28.499770519162038 ], [ 85.43089257565191, 28.499654452444013 ], [ 85.430870938892326, 28.499453599788069 ], [ 85.430872168860617, 28.499222480889497 ], [ 85.430884670401213, 28.499071525804936 ], [ 85.430903671201634, 28.498985542738751 ], [ 85.430915263292434, 28.498907085730593 ], [ 85.430917680318316, 28.498833387022842 ], [ 85.430907146989796, 28.498771367979426 ], [ 85.430884036369889, 28.498721232646407 ], [ 85.430855857001347, 28.498676723904111 ], [ 85.430823743836072, 28.498636529465383 ], [ 85.430778189905311, 28.498602431886756 ], [ 85.430715782473726, 28.498575023164328 ], [ 85.430635452270621, 28.498552164755665 ], [ 85.430536619559575, 28.498532663911192 ], [ 85.430431802082353, 28.498507579386683 ], [ 85.430332034087428, 28.498469029576423 ] ] ] } },
{ "type": "Feature", "properties": { "GL_ID": "GL085120E28503N", "Area": 0.0069496527373400004, "Elevation": 4551, "Type": "M(e)", "Country": "Nepal" }, "geometry": { "type": "Polygon", "coordinates": [ [ [ 85.120404418633996, 28.503144283683984 ], [ 85.120247237536319, 28.503133540250815 ], [ 85.120046615600586, 28.503145217895621 ], [ 85.119849263405342, 28.503179666947407 ], [ 85.119695352048439, 28.503237237735732 ], [ 85.119582234596692, 28.50331263639498 ], [ 85.119501308519091, 28.50338865786193 ], [ 85.119452184560373, 28.503464173297633 ], [ 85.119438404939729, 28.50354171285835 ], [ 85.119461059570426, 28.503622055053825 ], [ 85.119511390219031, 28.503696091321107 ], [ 85.119580638651996, 28.503754713097521 ], [ 85.119666157936592, 28.503797453277059 ], [ 85.11975934554124, 28.503822793766059 ], [ 85.119858955850418, 28.503831396297524 ], [ 85.119957398395229, 28.503833381497088 ], [ 85.120052337646484, 28.503831863403377 ], [ 85.120140970969771, 28.503823689052066 ], [ 85.120220495730052, 28.503805705479351 ], [ 85.12029387026422, 28.503775265751983 ], [ 85.120370709166252, 28.503723767339007 ], [ 85.120450817808774, 28.50365179412228 ], [ 85.120522051441469, 28.503575539102371 ], [ 85.120580673217887, 28.503499984741214 ], [ 85.120616873916333, 28.503420226428034 ], [ 85.120620844315624, 28.503331359552018 ], [ 85.120590404588427, 28.503241792017146 ], [ 85.120518470297043, 28.503178849512214 ], [ 85.120404418633996, 28.503144283683984 ] ] ] } },
{ "type": "Feature", "properties": { "GL_ID": "GL085445E28509N", "Area": 0.114702471981, "Elevation": 4632, "Type": "E(c)", "Country": "China" }, "geometry": { "type": "Polygon", "coordinates": [ [ [ 85.445567539760134, 28.507826785652007 ], [ 85.44546285616309, 28.507826059043051 ], [ 85.445370992024721, 28.507828394571955 ], [ 85.445290117847662, 28.507833441909611 ], [ 85.445188911593618, 28.507843043528514 ], [ 85.445057135860907, 28.507857783311071 ], [ 85.444913630582846, 28.507875948536078 ], [ 85.444767737875168, 28.507896734743717 ], [ 85.444643954841581, 28.507923204071741 ], [ 85.444559097290153, 28.507957458496151 ], [ 85.444496297511989, 28.507993010436735 ], [ 85.444438687798197, 28.508023372312771 ], [ 85.444384166172597, 28.508054850052815 ], [ 85.444329670497382, 28.508096630070494 ], [ 85.444279326873584, 28.508150451037352 ], [ 85.444241698907376, 28.508219738395951 ], [ 85.444217046101926, 28.50830056932244 ], [ 85.44420536845729, 28.508381274822341 ], [ 85.444205731761713, 28.508468900408047 ], [ 85.444214295367885, 28.508595451476197 ], [ 85.444226643395893, 28.508764388069267 ], [ 85.444218771798319, 28.508975710187595 ], [ 85.444188755926348, 28.50921938370686 ], [ 85.444155799018063, 28.509402592976805 ], [ 85.444125078162358, 28.509508911444293 ], [ 85.444104577408325, 28.509635376011261 ], [ 85.44409693071367, 28.5098139142234 ], [ 85.444098141728603, 28.509993144444138 ], [ 85.444106406906144, 28.510148392242744 ], [ 85.444137547291859, 28.510307727216915 ], [ 85.444202423095817, 28.510490417480522 ], [ 85.444285896630049, 28.510652779992256 ], [ 85.444372830207158, 28.51075113171083 ], [ 85.444475485354133, 28.5108057917381 ], [ 85.444611724542256, 28.510846360740853 ], [ 85.444755956429276, 28.510879179247354 ], [ 85.444855086657583, 28.510916807213679 ], [ 85.444929546780088, 28.510966830783499 ], [ 85.445043209188498, 28.511050131315638 ], [ 85.445188288786028, 28.511153551997094 ], [ 85.445316137370014, 28.511217562790193 ], [ 85.445432632688494, 28.511246216270134 ], [ 85.445604596819237, 28.511302441966787 ], [ 85.445834101462992, 28.511389531245868 ], [ 85.446037292480582, 28.511440912882563 ], [ 85.446195057460329, 28.511442846181414 ], [ 85.446327663603313, 28.511434023072241 ], [ 85.446442052620682, 28.511427483591149 ], [ 85.446536511791123, 28.511412951411049 ], [ 85.446610314505449, 28.511385444070299 ], [ 85.446675709315741, 28.511344961568682 ], [ 85.446741104126033, 28.51129150390636 ], [ 85.446840234354283, 28.511210798406292 ], [ 85.44700683541862, 28.511088572391941 ], [ 85.44721323130085, 28.510935686072511 ], [ 85.447419103851701, 28.510767960494377 ], [ 85.447606119168881, 28.510609334829041 ], [ 85.447737168292633, 28.510508907084557 ], [ 85.447833802964965, 28.510444853040838 ], [ 85.447961738050253, 28.510349615360891 ], [ 85.448105053025984, 28.510231056991927 ], [ 85.44818117396909, 28.510139106352653 ], [ 85.448190689086857, 28.510073214161192 ], [ 85.448190689086857, 28.509997698725495 ], [ 85.448186398633709, 28.509905921088261 ], [ 85.448138131035819, 28.509791480170403 ], [ 85.44803903540793, 28.509656283320226 ], [ 85.447933331098284, 28.509554990565221 ], [ 85.447836000092252, 28.509504127935031 ], [ 85.447737907876842, 28.509426622974729 ], [ 85.447634244992344, 28.509285124521391 ], [ 85.447480100082544, 28.50908167400064 ], [ 85.447244644164982, 28.508817672729496 ], [ 85.447020000881651, 28.508590174910694 ], [ 85.44689829387363, 28.508488968656824 ], [ 85.446797195746058, 28.508431726572496 ], [ 85.446596772762632, 28.508298514921879 ], [ 85.4463569052906, 28.508133159473115 ], [ 85.446203192886173, 28.508028147172009 ], [ 85.446115493774414, 28.507971445719416 ], [ 85.446024408145945, 28.507920064082896 ], [ 85.445924291805454, 28.507874080112966 ], [ 85.445810023889635, 28.507845015752991 ], [ 85.445684402708082, 28.507832494722777 ], [ 85.445567539760134, 28.507826785652007 ] ] ] } },
{ "type": "Feature", "properties": { "GL_ID": "GL085275E28517N", "Area": 0.0080117375240599999, "Elevation": 5291, "Type": "E(o)", "Country": "China" }, "geometry": { "type": "Polygon", "coordinates": [ [ [ 85.275719777935478, 28.516699114472825 ], [ 85.275638921863106, 28.516694436848805 ], [ 85.275564583115113, 28.516702051393736 ], [ 85.27549139933609, 28.516730537876583 ], [ 85.275419136232131, 28.516779902897106 ], [ 85.275349442109132, 28.516844102668131 ], [ 85.275282737705538, 28.516921508683591 ], [ 85.275220394134521, 28.517001152038631 ], [ 85.275163247923558, 28.517076340513601 ], [ 85.275123846984684, 28.517155997068418 ], [ 85.275122758013993, 28.517254746909032 ], [ 85.275152660158767, 28.517367589020015 ], [ 85.275182235612306, 28.517473095428553 ], [ 85.275208593652337, 28.517568289614985 ], [ 85.275238169105876, 28.517644591809926 ], [ 85.275272999667777, 28.517699362085018 ], [ 85.275327695694671, 28.517732600439839 ], [ 85.275413575881942, 28.517744306874587 ], [ 85.275514008677135, 28.517732105453202 ], [ 85.275594691504352, 28.517691095807553 ], [ 85.275657964000175, 28.517626937285513 ], [ 85.27572161928606, 28.517570211813219 ], [ 85.27578898367176, 28.517523755664229 ], [ 85.275874517368322, 28.517456066237177 ], [ 85.275983810424862, 28.517354965210071 ], [ 85.276078625121443, 28.517237133633387 ], [ 85.276120723737563, 28.517125984376662 ], [ 85.276118890636951, 28.517024112820142 ], [ 85.276095849007561, 28.516938232633095 ], [ 85.27605453907006, 28.516868363614776 ], [ 85.276007193595149, 28.516812281625107 ], [ 85.275955853577727, 28.516769475177966 ], [ 85.275891208318797, 28.516737004052455 ], [ 85.275808743539642, 28.516713442686978 ], [ 85.275719777935478, 28.516699114472825 ] ] ] } },
{ "type": "Feature", "properties": { "GL_ID": "GL085322E28518N", "Area": 0.021102176160599999, "Elevation": 4893, "Type": "E(o)", "Country": "China" }, "geometry": { "type": "Polygon", "coordinates": [ [ [ 85.321962514963161, 28.518108569214519 ], [ 85.32180114930901, 28.518100896921169 ], [ 85.321664270645215, 28.518110435314327 ], [ 85.321530450999205, 28.518165205589241 ], [ 85.32139898253979, 28.518265720882198 ], [ 85.321290778453886, 28.518379270824255 ], [ 85.321212273568108, 28.518495726337964 ], [ 85.3211634678824, 28.518598807311772 ], [ 85.321144361397103, 28.518675901485665 ], [ 85.321145687961234, 28.518745778753722 ], [ 85.32114833613997, 28.518847152023682 ], [ 85.321153944339017, 28.518972113058229 ], [ 85.321174189293686, 28.519072842845443 ], [ 85.321215203889153, 28.519142573267573 ], [ 85.321363749388638, 28.519184919377153 ], [ 85.321653366088867, 28.51920127868658 ], [ 85.321990897498779, 28.519205758315877 ], [ 85.322276455308327, 28.519212465385294 ], [ 85.322518624236466, 28.519220202026986 ], [ 85.322739611035104, 28.519225869624393 ], [ 85.322935780851822, 28.519228582151126 ], [ 85.323074327620759, 28.519223335292565 ], [ 85.323150223926689, 28.519207871909089 ], [ 85.323203162751042, 28.519139068761891 ], [ 85.323252389175252, 28.518996017614423 ], [ 85.323273325461514, 28.518826256986301 ], [ 85.323234246263894, 28.518691150374931 ], [ 85.323135191181677, 28.518581535576967 ], [ 85.322976696450041, 28.518466847165655 ], [ 85.322767653679762, 28.518348000866297 ], [ 85.322589928716127, 28.518255215615174 ], [ 85.322462609895013, 28.518195643969591 ], [ 85.322328567504883, 28.518155574798644 ], [ 85.32215294623461, 28.518126642827895 ], [ 85.321962514963161, 28.518108569214519 ] ] ] } },
{ "type": "Feature", "properties": { "GL_ID": "GL085439E28518N", "Area": 0.0459876651256, "Elevation": 4984, "Type": "E(o)", "Country": "China" }, "geometry": { "type": "Polygon", "coordinates": [ [ [ 85.440417000569823, 28.517269177612604 ], [ 85.440284702922497, 28.517251863491087 ], [ 85.440160828453202, 28.517269569968615 ], [ 85.439988253658044, 28.517317868866655 ], [ 85.439803403566373, 28.517380014752977 ], [ 85.439677841740036, 28.517423185242023 ], [ 85.439595266698291, 28.517453312732009 ], [ 85.439496571612381, 28.517492487654522 ], [ 85.439374320430602, 28.517541742494924 ], [ 85.439212400479562, 28.517597358944158 ], [ 85.439014670681672, 28.517658818774638 ], [ 85.438849015411733, 28.517726728096878 ], [ 85.43873323583432, 28.517801312005531 ], [ 85.438652314130536, 28.517884239146952 ], [ 85.438599462883417, 28.517976214287675 ], [ 85.438567161560172, 28.518067836761581 ], [ 85.438549740277608, 28.518152019215112 ], [ 85.438542592256283, 28.518224154868104 ], [ 85.438539607062808, 28.51827813328805 ], [ 85.43853875487946, 28.518356182062064 ], [ 85.438535585981754, 28.518552301613287 ], [ 85.43854026023331, 28.518827337997493 ], [ 85.438590962594901, 28.51902370248769 ], [ 85.438691840018862, 28.519139397583842 ], [ 85.438846610814323, 28.519256845807604 ], [ 85.439050017299053, 28.519386969621905 ], [ 85.439225041483724, 28.519479617777733 ], [ 85.439348708435205, 28.519520082031534 ], [ 85.439448459820312, 28.519535804050062 ], [ 85.43953829741514, 28.51954078107331 ], [ 85.439623092215982, 28.519536341554893 ], [ 85.439707060347814, 28.519523635347234 ], [ 85.439792487907766, 28.519508214399533 ], [ 85.439882839760855, 28.519498493385129 ], [ 85.439970894177463, 28.519489796351642 ], [ 85.440038344239326, 28.519470109384034 ], [ 85.440087058739834, 28.519441461733212 ], [ 85.440128683051682, 28.519414885857831 ], [ 85.440165500436706, 28.519389738792768 ], [ 85.440204920298243, 28.519351819182418 ], [ 85.44024796548274, 28.519299027469003 ], [ 85.440286436205668, 28.519244834727658 ], [ 85.440318365017788, 28.519192787469823 ], [ 85.440395000289982, 28.519076625175437 ], [ 85.440546035766715, 28.518857955932727 ], [ 85.440712364618548, 28.518613001679398 ], [ 85.440834880016951, 28.518425087583008 ], [ 85.440921680255371, 28.518283715854807 ], [ 85.440986742162522, 28.518170768384092 ], [ 85.441033176236203, 28.518084699560347 ], [ 85.441069182261003, 28.518021995190679 ], [ 85.441092078949509, 28.517967639156666 ], [ 85.441086430045004, 28.5178500072285 ], [ 85.441051497895955, 28.517671222777608 ], [ 85.440998927875057, 28.517534868328827 ], [ 85.440929560825737, 28.51746280695113 ], [ 85.440803922455984, 28.517400117890077 ], [ 85.440607165042934, 28.51732534517441 ], [ 85.440417000569823, 28.517269177612604 ] ] ] } },
{ "type": "Feature", "properties": { "GL_ID": "GL085435E28520N", "Area": 0.041628317238500002, "Elevation": 5033, "Type": "E(o)", "Country": "China" }, "geometry": { "type": "Polygon", "coordinates": [ [ [ 85.436829759150157, 28.518964078961684 ], [ 85.436714795171042, 28.518938492755638 ], [ 85.436566287157461, 28.518943334112461 ], [ 85.436417102813834, 28.518979072570858 ], [ 85.436291765193573, 28.519046058460219 ], [ 85.436170655853971, 28.519135533546937 ], [ 85.436027480631537, 28.519235759365358 ], [ 85.435881809312605, 28.519333781028305 ], [ 85.435778768695116, 28.519400071124725 ], [ 85.435712347225376, 28.519439541563774 ], [ 85.435652256011963, 28.519475817680416 ], [ 85.435586345439162, 28.519512234901871 ], [ 85.435450602550929, 28.519555563829499 ], [ 85.435240258976023, 28.519606415106466 ], [ 85.435070232469343, 28.519654235061413 ], [ 85.43497801800163, 28.519696800076364 ], [ 85.434903504897136, 28.51980458473685 ], [ 85.434812545776367, 28.520017623901477 ], [ 85.434713774797956, 28.520261088196097 ], [ 85.434615826120194, 28.520460148247025 ], [ 85.4345387171727, 28.52062569589032 ], [ 85.43451768524784, 28.520776904359192 ], [ 85.434539006680836, 28.520905463062945 ], [ 85.434559880470829, 28.520985574138422 ], [ 85.434581279754752, 28.521021842956596 ], [ 85.434622900826696, 28.521046891504341 ], [ 85.434685843331579, 28.521065909035375 ], [ 85.434753145490447, 28.521084347549731 ], [ 85.434820885561066, 28.521104265232509 ], [ 85.434900205962549, 28.52114237571249 ], [ 85.434995955350473, 28.521205795054584 ], [ 85.435104846954346, 28.521259307861385 ], [ 85.435224428468814, 28.521276639432411 ], [ 85.435358553516551, 28.521271802941211 ], [ 85.435512387022698, 28.521263579932963 ], [ 85.435679143788946, 28.52124087664555 ], [ 85.43584322442814, 28.521178065514164 ], [ 85.436007752710509, 28.521078187592192 ], [ 85.43618726730358, 28.520956993103084 ], [ 85.436374907590903, 28.520822719651907 ], [ 85.436512200199843, 28.520722145937039 ], [ 85.436590194702205, 28.520660050061391 ], [ 85.436644656317696, 28.520571937366469 ], [ 85.436688286917672, 28.520436588598894 ], [ 85.436757360185993, 28.520278358946083 ], [ 85.436872482299805, 28.520111083984371 ], [ 85.436985959812148, 28.519966833445551 ], [ 85.437050099275666, 28.519877677061224 ], [ 85.437079325014281, 28.519807995582138 ], [ 85.437099028606838, 28.519695087355046 ], [ 85.437110081010985, 28.519551766162067 ], [ 85.437113654856716, 28.519419660373721 ], [ 85.437106132507438, 28.519300937652641 ], [ 85.437068433177728, 28.519192520453149 ], [ 85.436999727268642, 28.519094944000297 ], [ 85.436918793892403, 28.51901790073947 ], [ 85.436829759150157, 28.518964078961684 ] ] ] } },
{ "type": "Feature", "properties": { "GL_ID": "GL085320E28521N", "Area": 0.012834790778599999, "Elevation": 4878, "Type": "M(e)", "Country": "China" }, "geometry": { "type": "Polygon", "coordinates": [ [ [ 85.320926473361681, 28.521341004759165 ], [ 85.320824066046669, 28.521306364207248 ], [ 85.320764471317375, 28.521295556499297 ], [ 85.320690457897626, 28.52129991022997 ], [ 85.320554432210884, 28.521312214251051 ], [ 85.32037975837693, 28.521324291121058 ], [ 85.320206025597827, 28.521322284619263 ], [ 85.320039889762938, 28.52131303451921 ], [ 85.319900873252834, 28.521319508327338 ], [ 85.319790838346137, 28.52134311221721 ], [ 85.319712168327555, 28.521381462904799 ], [ 85.319662476307087, 28.521433767163671 ], [ 85.319593062698345, 28.521493867574922 ], [ 85.319486632464304, 28.521559446655768 ], [ 85.319388389587402, 28.521619319915885 ], [ 85.319329898163573, 28.521665677681881 ], [ 85.319302046907524, 28.521714139300229 ], [ 85.319291787246698, 28.521787073751966 ], [ 85.319294556327463, 28.521874919054881 ], [ 85.319298039312002, 28.521950806471747 ], [ 85.319303594600171, 28.522012742120012 ], [ 85.31932254279269, 28.522058342715521 ], [ 85.319357877417701, 28.522087733551754 ], [ 85.319426249917001, 28.522107230693106 ], [ 85.31953211047022, 28.52211885866916 ], [ 85.319634385280153, 28.522127566130223 ], [ 85.319708834073083, 28.522136273591457 ], [ 85.319770239702109, 28.522143178265647 ], [ 85.319836378548302, 28.522146112301414 ], [ 85.319907749082347, 28.522146917245777 ], [ 85.319985434779142, 28.522149926998789 ], [ 85.320066105891271, 28.522154543034844 ], [ 85.32013436481509, 28.522157212060904 ], [ 85.320189755445313, 28.522156803729612 ], [ 85.32024690289137, 28.522146297988456 ], [ 85.320310538567867, 28.522123520676299 ], [ 85.320413949133638, 28.522075989296066 ], [ 85.320573806762809, 28.52199745178234 ], [ 85.320728193834839, 28.521917627078665 ], [ 85.320822158698093, 28.521859268159744 ], [ 85.320886961679207, 28.521802837321445 ], [ 85.320985015263489, 28.521709326760341 ], [ 85.321097332498312, 28.521591517334851 ], [ 85.321144352788508, 28.521502644443387 ], [ 85.321120639829985, 28.521444818248025 ], [ 85.321045736734732, 28.521392573481076 ], [ 85.320926473361681, 28.521341004759165 ] ] ] } },
{ "type": "Feature", "properties": { "GL_ID": "GL085435E28523N", "Area": 0.0061133890440699997, "Elevation": 5097, "Type": "E(o)", "Country": "China" }, "geometry": { "type": "Polygon", "coordinates": [ [ [ 85.43575739860546, 28.522699832916373 ], [ 85.435644850134963, 28.522697538137432 ], [ 85.435563057661057, 28.522705167531964 ], [ 85.435463182628155, 28.522742770612243 ], [ 85.435327529907283, 28.522817611694393 ], [ 85.435201004147643, 28.522912584245258 ], [ 85.435128509998265, 28.523003906011638 ], [ 85.435102038085461, 28.523091018200034 ], [ 85.43509948253643, 28.523172378540156 ], [ 85.435118757188377, 28.523246556520522 ], [ 85.435153335332984, 28.523302674293568 ], [ 85.435201682150364, 28.523338541388629 ], [ 85.435257434845084, 28.523365974426323 ], [ 85.435316838324184, 28.523391947150227 ], [ 85.435384720563945, 28.523418873548565 ], [ 85.435469262301979, 28.523450843989963 ], [ 85.435565352439994, 28.523481249809318 ], [ 85.435649059712887, 28.523479633033276 ], [ 85.435718148946819, 28.523443251848274 ], [ 85.435784958303088, 28.523389585316295 ], [ 85.435853958129883, 28.523324966430778 ], [ 85.435915656387806, 28.523263633251137 ], [ 85.435960561037007, 28.523219823837273 ], [ 85.435992583632469, 28.523186646401886 ], [ 85.436022520065308, 28.523145079612792 ], [ 85.436049856245575, 28.523094154894459 ], [ 85.436065346002636, 28.52303496003157 ], [ 85.436067007482109, 28.522967778146263 ], [ 85.436057567596436, 28.522895336151123 ], [ 85.436038635671252, 28.522819243371597 ], [ 85.435993850231171, 28.522751569747918 ], [ 85.43589548766613, 28.522712767124236 ], [ 85.43575739860546, 28.522699832916373 ] ] ] } },
{ "type": "Feature", "properties": { "GL_ID": "GL085327E28535N", "Area": 0.0069861716808700004, "Elevation": 5363, "Type": "I(s)", "Country": "China" }, "geometry": { "type": "Polygon", "coordinates": [ [ [ 85.327657605394961, 28.534641265869254 ], [ 85.327581876590045, 28.534622616238092 ], [ 85.327507654825808, 28.534623463948602 ], [ 85.327418362652907, 28.534625159369622 ], [ 85.327318238623434, 28.534629586302227 ], [ 85.327237235175232, 28.534653133816221 ], [ 85.327179685051135, 28.534698486328178 ], [ 85.327131082982248, 28.534764607747494 ], [ 85.327085494995174, 28.53485107421881 ], [ 85.327050079534217, 28.534945452654881 ], [ 85.327031995043342, 28.535035309968293 ], [ 85.327032513088682, 28.535126792060058 ], [ 85.327054741941936, 28.535234922244339 ], [ 85.327100424119067, 28.535352188864014 ], [ 85.327179167005795, 28.535429424709832 ], [ 85.327291677027688, 28.53545970681273 ], [ 85.327418268462793, 28.535471009619414 ], [ 85.327550888061467, 28.535474777221793 ], [ 85.327675595695553, 28.535462720894657 ], [ 85.327785232920746, 28.535433333597094 ], [ 85.327871534559449, 28.53538809882275 ], [ 85.327914296844881, 28.535330642888709 ], [ 85.327918252827317, 28.535265086609741 ], [ 85.327917310926694, 28.535215165880121 ], [ 85.32791700480908, 28.535183871233979 ], [ 85.327914744247721, 28.535149962813701 ], [ 85.327909469604606, 28.535104751586971 ], [ 85.32790381820115, 28.535052758675992 ], [ 85.327900427359054, 28.53499850520387 ], [ 85.327898025512695, 28.534943474663748 ], [ 85.327893504390033, 28.534891293372656 ], [ 85.327886345945899, 28.534843068064106 ], [ 85.327874289618592, 28.534804450141056 ], [ 85.327856158032944, 28.534775580888947 ], [ 85.327814337648078, 28.534738846767087 ], [ 85.327741622924748, 28.534687042236268 ], [ 85.327657605394961, 28.534641265869254 ] ] ] } },
{ "type": "Feature", "properties": { "GL_ID": "GL085448E28545N", "Area": 0.017519633217000001, "Elevation": 4907, "Type": "E(c)", "Country": "China" }, "geometry": { "type": "Polygon", "coordinates": [ [ [ 85.448261737823543, 28.544438627031237 ], [ 85.448088318109569, 28.544434875249973 ], [ 85.447988020049252, 28.544459117783447 ], [ 85.447905735837082, 28.544509275092139 ], [ 85.447813034057674, 28.544584274292049 ], [ 85.447732352548201, 28.544659273492016 ], [ 85.447686129146177, 28.544709430800538 ], [ 85.447651833295936, 28.544746279716602 ], [ 85.447585794660768, 28.544792175293026 ], [ 85.447497447331841, 28.54484801159964 ], [ 85.44742488861084, 28.544914960861206 ], [ 85.447371562322076, 28.544990562730508 ], [ 85.447337468465264, 28.54505623711486 ], [ 85.447322517633552, 28.545109480619377 ], [ 85.447325030962645, 28.545172678099728 ], [ 85.447344322999243, 28.545254134469698 ], [ 85.447373390197868, 28.545329570770324 ], [ 85.447407265504182, 28.545381767882354 ], [ 85.447447935740229, 28.545419004228449 ], [ 85.447498202324027, 28.545452952384895 ], [ 85.447557237413207, 28.545485602484803 ], [ 85.44762280252246, 28.545521991120555 ], [ 85.447696328163147, 28.545559883117789 ], [ 85.447785605987008, 28.545586691962345 ], [ 85.447892453935481, 28.545601314968621 ], [ 85.448025077581406, 28.545610785484371 ], [ 85.448185854488031, 28.545616242620671 ], [ 85.448378943734838, 28.545585973395305 ], [ 85.448606491088924, 28.545503616332947 ], [ 85.448807593848983, 28.545417143239035 ], [ 85.448921349313594, 28.545367532306269 ], [ 85.448985308408851, 28.545328766107676 ], [ 85.449072255028739, 28.545250415802002 ], [ 85.44916960265914, 28.545144826173782 ], [ 85.449225187301636, 28.545061230659424 ], [ 85.449237853288651, 28.545002175702106 ], [ 85.449233373006336, 28.544953876071645 ], [ 85.449216663837547, 28.544913202524292 ], [ 85.449183808432736, 28.544872879981991 ], [ 85.449133459064683, 28.544830212990462 ], [ 85.449084758758488, 28.544793605804561 ], [ 85.44905128412779, 28.544769018888587 ], [ 85.449021445380311, 28.544749167230464 ], [ 85.448978900909424, 28.544723778963199 ], [ 85.448916329278006, 28.544686423407704 ], [ 85.448814703358607, 28.544620311922525 ], [ 85.448672294616756, 28.544533491134647 ], [ 85.44848550690557, 28.54447091288046 ], [ 85.448261737823543, 28.544438627031237 ] ] ] } },
{ "type": "Feature", "properties": { "GL_ID": "GL085445E28547N", "Area": 0.056415708297200003, "Elevation": 5012, "Type": "E(c)", "Country": "China" }, "geometry": { "type": "Polygon", "coordinates": [ [ [ 85.445111293211539, 28.545600315210322 ], [ 85.445016432997249, 28.545600209539995 ], [ 85.444916954991697, 28.545616186886889 ], [ 85.444812103651998, 28.545649473026629 ], [ 85.444678816438739, 28.545718517990338 ], [ 85.444501876831055, 28.545835494995114 ], [ 85.444324081294155, 28.545956751646425 ], [ 85.444188226293136, 28.546038635549795 ], [ 85.444091268523664, 28.546096363226127 ], [ 85.444028595477903, 28.546152997215017 ], [ 85.443990580593152, 28.546214729795114 ], [ 85.443955915456456, 28.546294806736626 ], [ 85.443926671205134, 28.546404746100563 ], [ 85.443912120407106, 28.546580401814193 ], [ 85.443911787545687, 28.54680498286962 ], [ 85.44391991887403, 28.546983872093961 ], [ 85.443934316450282, 28.547107516893789 ], [ 85.443944112085546, 28.547198292951574 ], [ 85.443947773560922, 28.547263819094841 ], [ 85.443954573443705, 28.547343040107137 ], [ 85.443967808646903, 28.547446713223106 ], [ 85.443999573134249, 28.547541436066009 ], [ 85.444055462147674, 28.547612314409211 ], [ 85.444150850713527, 28.547671135772987 ], [ 85.444295883178711, 28.547725677490291 ], [ 85.444452042724947, 28.547785354783404 ], [ 85.444580812533445, 28.547859582874651 ], [ 85.444709244197156, 28.547930778228814 ], [ 85.444878337786236, 28.547972290799976 ], [ 85.445054859996276, 28.547992648180244 ], [ 85.445163943430828, 28.548011431073178 ], [ 85.445228138128527, 28.548032211134622 ], [ 85.445329660854213, 28.548064260931881 ], [ 85.445471005426555, 28.548110803408633 ], [ 85.445633631994212, 28.548183985364059 ], [ 85.445809509615515, 28.548277889262405 ], [ 85.44595644414602, 28.548335616938743 ], [ 85.446067524748855, 28.548347790155443 ], [ 85.446166241928495, 28.548345317470819 ], [ 85.446259147242529, 28.54833741333357 ], [ 85.446327811793367, 28.548316015100912 ], [ 85.446364077834914, 28.548277603952496 ], [ 85.446380245388468, 28.548232429905966 ], [ 85.446384429931641, 28.548187255859375 ], [ 85.446386474651774, 28.548113836145884 ], [ 85.446396222735359, 28.547983925098269 ], [ 85.446433286587592, 28.547843172279446 ], [ 85.446527391259394, 28.547760765308226 ], [ 85.446660202956309, 28.547706091503013 ], [ 85.446790256658744, 28.547609466595137 ], [ 85.446905949769643, 28.547479365340902 ], [ 85.446974519217179, 28.547351641668232 ], [ 85.446999256630704, 28.547231563240643 ], [ 85.447008291440056, 28.547131276857215 ], [ 85.44700559684776, 28.547051627880357 ], [ 85.446993090769638, 28.54698686256296 ], [ 85.446967222684009, 28.546936505389105 ], [ 85.446876684384335, 28.546909828925724 ], [ 85.446708499559861, 28.546908481629597 ], [ 85.446539263315799, 28.546899637026847 ], [ 85.446402874679791, 28.546868506561161 ], [ 85.446247571062884, 28.546812015227097 ], [ 85.446039199829215, 28.546728134155387 ], [ 85.445847281458725, 28.546615389245456 ], [ 85.445734108584134, 28.546479534244273 ], [ 85.445672291467702, 28.546341195991598 ], [ 85.445620317538385, 28.546231637040705 ], [ 85.445576464370333, 28.54614082399825 ], [ 85.445537852448524, 28.546045720742313 ], [ 85.44550608796095, 28.545951378312449 ], [ 85.445486734448366, 28.545876960014819 ], [ 85.44547361548257, 28.545819581050296 ], [ 85.445434765802645, 28.545758144346902 ], [ 85.445368072002623, 28.545692565368597 ], [ 85.445289516713274, 28.545643301881963 ], [ 85.445202687440599, 28.54561420028563 ], [ 85.445111293211539, 28.545600315210322 ] ] ] } }
]
}
